"code","name","is_post","website","country_code","is_destination_postcode_required","is_destination_country_code_required","is_courier_account_required","is_deprecated"
"007ex","007ex",0,,"",0,0,0,0
"139express","139express",0,"http://www.139express.com/","",0,0,0,0
"17postservice","17 Post Service",0,,"",0,0,0,0
"feia","17Feia",0,"http://www.17feia.com/","",0,0,0,0
"1dl","1DL/EDL Express",0,"http://www.edlexp.com/","",0,0,0,0
"1hcang","1hcang",0,"https://www.1hcang.com/","CN",0,0,0,0
"1tong","1TONG Express",0,"http://www.1tongexpress.com/","",0,0,0,0
"2ebox","2 ebox",0,"https://2eboxcasilla.com/","",0,0,0,0
"2go","2Go Logistics",0,"https://supplychain.2go.com.ph/","PH",0,0,0,0
"2uex","2U Express",0,"http://www.2uex.com/","",0,0,0,0
"360lion","360 Lion Express",0,"https://www.360lion.com/","",0,0,0,0
"360zebra","360zebra",0,"http://www.360zebra.com/en","CN",0,0,0,0
"3jmslogistics","3JMS Logistics",0,"https://3jmslogistics.com/","",0,0,0,0
"co-post","4-72 (Post of Colombia)",1,"https://www.4-72.com.co/","CO",0,0,0,0
"4px","4PX",0,"http://express.4px.com/","",0,0,0,0
"5post","5Post",0,"https://fivepost.ru/","",0,0,0,0
"5ul-logistics","5UL",0,"https://5ulogistics.com/","",0,0,0,0
"7-eleven-tw","7-ELEVEN (TW)",0,"https://eservice.7-11.com.tw/","",0,0,0,0
"816kf","816Kapro (Xingyuan)",0,"http://www.816kf.com/","",0,0,0,0
"8europe","8Europe",0,"http://www.8europe.com","",0,0,0,0
"99minutos","99minutos.com",0,"https://99minutos.com/","",0,0,0,0
"aplus100","A PLUS EXPRESS",0,"http://en.aplus100.com/Home/","",0,0,0,0
"aduiepyle","A.Duie Pyle",0,"https://www.aduiepyle.com/","",0,0,0,0
"aaa-cooper","AAA Cooper",0,"https://www.aaacooper.com/","",0,0,0,0
"abcustom","AB Custom",0,"https://www.abcustom.es/portal/en/home","",1,0,0,0
"abf","ABF Freight",0,"https://www.abfs.com/","",0,0,0,0
"abxexpress-my","ABX Express",0,"https://www.abxexpress.com.my/","",0,0,0,0
"acommerce","aCommerce",0,"https://www.acommerce.asia/","",0,0,0,0
"acscourier","ACS Courier",0,"https://www.acscourier.net/","",0,0,0,0
"acsworldwide","ACS Worldwide",0,"http://www.acsnets.com/","",0,0,0,0
"act-logistics","ACT logistic",0,"https://www.act-logistics.co.za/","",0,0,0,0
"ada-post","AdaPost",0,"http://cn.ada-post.com/","CN",0,0,0,0
"ader","ADER",0,"https://aderonline.com/","ES",1,0,0,0
"adicional","Adicional Logistics",0,,"",0,0,0,0
"adsone","ADSone (Deprecated)",0,"https://www.adsone.com.au/","AU",0,0,0,1
"aeroflash","Aeroflash",0,"http://www.aeroflashcourier.com.br/","BR",0,0,0,0
"aeronet","Aeronet",0,"https://www.aeronet.com/","",0,0,0,0
"aerotrans","Aerotrans",0,"https://www.aerotransglobal.com/","",0,0,0,0
"aersure","Aersure",0,"https://www.aersure.com/","",0,0,0,0
"aex","AEX Group (Paraguay)",0,"https://www.aex.com.py/","PY",0,0,0,0
"af-post","Afghan Post",1,"https://www.afghanpost.gov.af/","AF",0,0,0,0
"afimex","Afimex",0,"https://afimex.net/","MX",0,0,0,0
"agediss","Agediss",0,"https://www.agediss.com/en/","",1,0,0,0
"agility","Agility",0,"https://www.agility.com/","",0,0,0,0
"air21","AIR21",0,"https://www.air21.com.ph/","PH",0,0,0,0
"airfex","Airfex",0,"http://www.airfex.net","CN",0,0,0,0
"airmee","airmee",0,"https://www.airmee.com/","",0,0,0,0
"airpak-express","Airpak Express",0,"https://www.airpak-express.com/","",0,0,0,0
"airspeed","Airspeed",0,"https://airspeed.ph/","",0,0,0,0
"airtranscourier","AIRTRANS",0,"https://login.airtranscourier.com/","CY",0,0,0,0
"airwings-india","Airwings Courier Express India",0,"http://www.airwingsindia.com/","IN",0,0,0,0
"ait-home-delivery","AIT Home Delivery",0,"https://aithomedelivery.com/en-gb/","GB",0,0,0,0
"ajex","AJEX",0,"https://aj-ex.com/","SA",0,0,0,0
"ax-post","Åland Post",1,"https://www.alandpost.ax/","AX",0,0,0,0
"aleksandr","Aleksandr",0,,"",0,0,0,1
"alfatrex","AlfaTrex",0,"https://www.alfatrex.id/","",0,0,0,0
"dz-post","Algeria Post",1,"https://www.poste.dz/","DZ",0,0,0,0
"dz-post-ems","Algeria Post EMS",1,"https://www.poste.dz/","DZ",0,0,0,0
"ali-business-logistics","Ali Business Logistics (ysdgj56)",0,"http://www.ysdgj56.com/","",0,0,0,0
"allegro","Allegro",0,"https://allegro.pl/","",0,0,0,0
"allekurier","allekurier",0,"https://allekurier.pl/sledzenie","PL",0,0,0,0
"alliance","Alliance Air",0,"https://shipalliance.com/","",0,0,0,0
"alliedexpress","Allied Express",0,"https://www.alliedexpress.com.au/","",1,0,0,0
"alljoy","ALLJOY SUPPLY CHAIN CO.,LTD.",0,"http://www.alljoylogistics.com/","",0,0,0,0
"alphafast","alphaFAST (Deprecated)",0,"http://www.alphafast.com/","",0,0,0,1
"always-express","Always Express",0,"https://www.always-express.com/","",0,0,0,0
"am-home-delivery","AM Home Delivery",0,"http://www.amtrucking.com/tracking.php","US",0,0,0,0
"amazon","Amazon",0,"https://track.amazon.com/","",0,0,0,0
"amazon-es","Amazon ES",0,"https://track.amazon.es/","",0,0,0,0
"amazon-fr","Amazon FR",0,"https://track.amazon.fr/","",0,0,0,0
"amazon-in","Amazon IN",0,"https://www.amazon.in/","",0,0,0,0
"amazon-it","Amazon IT",0,"https://track.amazon.it/","",0,0,0,0
"amazon-uk","Amazon UK",0,"https://www.amazon.co.uk/","",0,0,0,0
"ambroexpress","AmbroExpress",0,"https://ambroexpress.pl/en","PL",0,0,0,0
"amsegroup","AMSe Group",0,"https://www.amsegroup.com.au/","",0,0,0,0
"amsma","Amsma Group",0,"https://www.amsma.nl","",0,0,0,0
"amstan","Amstan Logistics",0,"https://amstan.com/","",0,0,0,0
"ie-post","An Post",1,"http://www.anpost.ie/AnPost/","IE",0,0,0,0
"ane66","Ane Express",0,"http://www.ane56.com","",0,0,0,0
"angel","Angel",0,"https://angelbringts.de","DE",0,0,0,0
"ai-post","Anguilla Postal Service",1,"https://www.aps.ai/","AI",0,0,0,0
"anicamboxexpress","anicam BOX EXPRESS",0,"https://www.anicamboxexpress.com/","",0,0,0,0
"anjun","Anjun",0,"http://www.szanjun.com/","",0,0,0,1
"annto","ANNTO",0,"https://www.annto.com/","",0,0,0,0
"anserx","AnserX",0,"https://anserx.com/","",0,0,0,0
"anteparcel","Ant Eparcel",0,"https://www.anteparcel.com/","",0,0,0,0
"ant-express","ANT Express",0,"http://www.168express.cn/","",0,0,0,0
"antaria","Antaria",0,"https://antariaservices.es/","ES",0,0,0,0
"anteraja","Anteraja",0,"https://anteraja.id/","",0,0,0,0
"ag-post","Antigua and Barbuda Post",1,,"AG",0,0,0,0
"antron","Antron Express",0,"http://www.antronexpress.lk/WEB/Default.aspx","",0,0,0,0
"anxl","anxl",0,"https://anxl.com.cn/","",0,0,0,0
"ao-you","AO YOU",0,"http://www.aoyunltd.com/","",0,0,0,0
"apc-overnight","Apc Overnight",0,"https://apc-overnight.com/","",1,0,0,0
"apc","APC Postal Logistics",0,"https://www.apc-pli.com/","",0,0,0,0
"apg","APG eCommerce",0,"https://apgecommerce.com/","",0,0,0,0
"aprche","Aprche",0,"http://post.aprche.net","",0,0,0,0
"aprisaexpress","Aprisa Express",0,"https://www.aprisaexpress.com/","",0,0,0,0
"aquiline","Aquiline",0,"https://aquiline-tracking.com/","",0,0,0,0
"aramex","Aramex",0,"http://www.aramex.com/","",0,0,0,0
"aramex-au","Aramex Australia",0,"https://www.aramex.com.au/","AU",0,0,0,0
"fastway-au","Aramex Australia (formerly Fastway Australia)",0,"https://www.fastway.com.au","AU",0,0,0,0
"aramex-nz","Aramex New Zealand",0,"https://www.aramex.co.nz/","NZ",0,0,0,0
"aras-kargo","Aras Kargo",0,"https://www.araskargo.com.tr/","TR",0,0,0,0
"arcb-panther-premium","ArcBest Panther Premium Logistics (ARCB)",0,"https://arcb.com/panther-premium","",0,0,0,0
"arco-spedizioni","Arco Spedizioni SP",0,"https://www.arcospedizioni.it/","",0,0,0,0
"arkexpress","Ark express",0,"http://www.arkexpress.com.au/","AU",0,0,0,0
"ark-logistics","ARK Logistics",0,"https://arklogistics.co.uk/","",0,0,0,0
"arrowxl","Arrow XL",0,"https://www.arrowxl.co.uk/","",1,0,0,0
"art-logistics","Artlog Express",0,"http://artlogexpress.com/","",0,0,0,0
"ase","ASE",0,"https://www.ase.com.tr/en/","",0,0,0,0
"asendia","Asendia",0,"https://www.asendia.com/","",0,0,0,0
"asendia-de","Asendia (Germany)",0,"http://www.asendia.de/","DE",0,0,0,0
"asendia-hk","Asendia (Hong Kong)",0,"http://www.asendia.hk","",0,0,0,0
"asendia-uk","Asendia (United Kingdom)",0,"http://www.asendia.co.uk/","GB",0,0,0,0
"asendia-us","Asendia USA",0,"http://www.asendiausa.com/","US",0,0,0,0
"asiafly","AsiaFly",0,"http://www.asiafly.com.cn/","",0,0,0,0
"asigna","Asigna",0,"http://www.logisticacanaria.es/","",0,0,0,0
"asus-international-logistics","Asus International Logistics",0,"http://www.asusexp.com/","CN",0,0,0,0
"asyad","Asyad Express",0,"https://asyadexpress.com","IL",0,0,0,0
"atlantic","Atlantic International Express",0,"https://atlanticcourier.net/","IN",0,0,0,0
"atwindow","ATWINDOW",0,"http://www.atwindow.com/","",0,0,0,0
"auexpress","Auexpress",0,"http://www.auexpress.com.au","CN",0,0,0,0
"aus-express","AUSExpress",0,"http://www.aus-express.com/","",0,0,0,0
"au-post","Australia Post",1,"https://auspost.com.au/","AU",0,0,0,0
"cx-post","Australia Post (Christmas Island)",1,"https://auspost.com.au/","CX",0,0,0,0
"cc-post","Australia Post (Cocos keeling Islands)",1,"https://auspost.com.au/","CC",0,0,0,0
"ck-post","Australia Post (Cook Islands)",1,"https://auspost.com.au/","CK",0,0,0,0
"hm-post","Australia Post (Heard Island And Mcdonald Islands)",1,"https://auspost.com.au/","HM",0,0,0,0
"nf-post","Australia Post (Norfolk Island)",1,"https://auspost.com.au/","NF",0,0,0,0
"averitt","AVERITT",0,"https://www.averittexpress.com/","",0,0,0,0
"axlehire","AxleHire",0,"https://axlehire.com/","",0,0,0,0
"az-post","Azərpoçt",1,"http://www.azerpost.az/","AZ",0,0,0,0
"bh-worldwide","B&H Worldwide",0,"https://bhworldwide.com/","",0,0,0,0
"b2ceurope","B2C Europe",0,"https://b2ceurope.eu/","",1,1,0,0
"bab","Bab",0,"http://www.bab-ru.com/","",0,0,0,0
"bs-post","Bahamas Post",1,"https://www.bahamas.gov.bs/","BS",0,0,0,0
"bh-post","Bahrain Post",1,"http://www.customs.gov.bh/page.php?SID=WTBkR2JscFVNRE5PUTFwMFVGUkpiV015TURsT2FsRTk%253D","BH",0,0,0,0
"bljt56","BAI LE JIE TONG",0,"http://www.bljt56.com/BLJT/bljt.html","CN",0,0,0,0
"bd-post","Bangladesh Post Office",1,"http://www.bdpost.gov.bd/","BD",0,0,0,0
"bb-post","Barbados Postal Service",1,"https://bps.gov.bb/","BB",0,0,0,0
"basa-international","Basa International",0,"http://www.basaexp.com/","",0,0,0,0
"bdt","Bdt",0,"http://www.bdtpost.com/","",0,0,0,0
"bee-express","Bee Express",0,"https://www.bee-express.com/","",0,0,0,0
"beebird","Beebird Logistics",0,"https://beebird.com.au/tracking","AU",0,0,0,0
"bejotlogistics","Bejot Logistics",0,"https://bejotlogistics.com/en","",0,0,0,0
"bel","Bel",0,"https://www.8256ru.com/","",0,0,0,0
"bz-post","Belize Postal Service",1,"http://www.belizepostalservice.gov.bz","BZ",0,0,0,0
"by-post","Belposhta / belpost (Belarus Post)",1,"https://www.belpost.by/","BY",0,0,0,0
"ibeone","Beone Logistics",0,"http://www.ibeone.com/","",0,0,0,0
"bm-post","Bermuda Post",1,"https://www.bermudapost.bm/","BM",0,0,0,0
"bert-fr","BERT",0,"https://bert.fr/","FR",0,0,0,0
"besson","Besson",0,"https://www.reseaubesson.com/","FR",1,0,0,0
"800best","Best (800best)",0,"https://www.800best.com/","",0,0,0,0
"best-my","Best (Malaysia)",0,"https://www.best-inc.my/","MY",0,0,0,0
"best-th","Best (Thailand)",0,"https://www.best-inc.co.th/","TH",0,0,0,0
"best-express","Best Express",0,"http://www.800bestex.com/","",0,0,0,0
"bestwayparcel","Bestwayparcel",0,"http://bestwayparcel.com/","",0,0,0,0
"cbtsd","Better Express",0,"http://www.cbtsd.com/","",0,0,0,0
"better-trucks","Better Trucks",0,"https://www.bettertrucks.com/","",0,0,0,0
"ba-post-bh-posta","BH Posta",1,"https://www.posta.ba/","BA",0,0,0,0
"bai-hai-tun","BHT Bai Hai Tun",0,"https://baihaitun.com.tw/","TW",0,0,0,0
"bt-post","Bhutan Postal Corporation",1,"https://bhutanpost.bt/","BT",0,0,0,0
"io-post","BIOT Post",1,"http://www.biotpostoffice.com/index.asp","IO",0,0,0,0
"birdsystem","Bird System",0,"https://www.birdsystem.co.uk/","",0,0,0,0
"biz-courier","Biz Courier",0,"https://www.bizcourier.eu/en/","GR",0,0,0,0
"bjs-home-delivery","BJS Home Delivery (Deprecated)",0,"https://bjshomedelivery.com/","",0,0,0,1
"black-arrow-express","Black Arrow Express",0,"http://www.blackarrow.express/","",0,0,0,0
"blexpress","blexpress",0,"http://www.blexpress.com.cn","CN",0,0,0,0
"blinklastmile","Blink",0,"https://blinklastmile.com/","",0,0,0,0
"bluex","Blue Express Chile",0,"https://www.blue.cl/","CL",0,0,0,0
"blueskyexpress","Blue Sky Express",0,"http://www.blueskyexpress.com.au/","AU",0,0,0,0
"bluestar","Blue Star (Deprecated)",0,"http://www.bluestarlogistics.com.au/","",0,0,0,1
"bluecare","Bluecare Express",0,"https://www.bluecare.express/","",0,0,0,0
"bluedart","Bluedart",0,"http://www.bluedart.com/","",0,0,0,0
"blue-ex","BlueEX",0,"https://www.blue-ex.com/","",0,0,0,0
"bluegrace","BlueGrace Logistics",0,"https://mybluegrace.com/","",0,0,0,0
"bombax","Bombax",0,"https://bombax.in","IN",0,0,0,0
"bombinoexp","Bombino Express Pvt Ltd",0,"https://www.bombinoexp.com/en-in/","",0,0,0,0
"bnexp","BONA nnexp",0,"http://www.bnexp.com/","",0,0,0,0
"bondscouriers","Bonds Couriers",0,"https://bondscouriers.com.au/","",0,0,0,0
"borderexpress","Border Express",0,"https://www.borderexpress.com.au/","AU",0,0,0,0
"bw-post","Botswana Post",1,"https://www.botspost.co.bw/","BW",0,0,0,0
"boxberry","Boxberry",0,"https://boxberry.ru","RU",0,0,0,0
"boxc","Boxc",0,"https://boxc.com/","",0,0,0,0
"boxme","Boxme",0,"https://boxme.asia/","",0,0,0,0
"boyaca","Boyaca",0,"https://www.boyaca.es/","ES",0,0,0,0
"be-post","Bpost",1,"http://www.bpost.be/","BE",1,0,0,0
"be-post-int","Bpost International",1,"http://www.bpostinternational.com/","BE",0,0,0,0
"bqc","BQC Express",0,"http://www.1001000.com/","",0,0,0,0
"br1-express","BR1 Express",0,"http://www.br1express.com/","",0,0,0,0
"bri-ems","Bridge",0,"https://www.bri-ems.com","",0,0,0,0
"bring-dk","Bring Denmark",0,"https://www.bring.dk","DK",0,0,0,0
"bring-fi","Bring Finland",0,"https://www.bring.fi","FI",0,0,0,0
"bring","Bring Group",0,"https://www.bring.com","",0,0,0,0
"bring-nl","Bring Netherlands",0,"https://www.bring.nl","NL",0,0,0,0
"bring-no","Bring Norway",0,"https://www.bring.no","NO",0,0,0,0
"bring-pl","Bring Poland",0,"https://www.bring.pl","PL",0,0,0,0
"bring-se","Bring Sweden",0,"https://www.bring.se","SE",0,0,0,0
"bring-uk","Bring United Kingdom",0,"https://www.bring.co.uk","GB",0,0,0,0
"bringer-air-cargo","Bringer Air Cargo",0,"https://www.bringeraircargo.com/","",0,0,0,0
"bringer-parcel-service","Bringer Parcel Service",0,"https://www.bringerparcel.com/","",0,0,0,0
"brouwer-transport","Brouwer Transport en Logistiek B.V.",0,"https://brouwerlogistics.com/","",0,0,0,0
"brt-it","BRT Italy (DPD Group)",0,"https://www.brt.it/","IT",0,0,0,0
"bn-post","Brunei Post",1,"http://www.post.gov.bn/Theme/Home.aspx","BN",0,0,0,0
"bsi-ecommerce","BSI eCommerce Logistics",0,"http://www.bsiecommerce.com/","",0,0,0,0
"bsi","BSI International",0,"http://www.bsiscm.com/","",0,0,0,0
"btd","BTD",0,"http://www.btdair.com/","",0,0,0,0
"buffalo","Buffalo",0,"https://www.buffaloex.com/","",0,0,0,0
"bg-post","Bulgarian Posts",1,"http://www.bgpost.bg/","BG",0,0,0,0
"bulkylog","Bulkylog",0,"https://bulkylog.com.br/","BR",0,0,0,0
"bi-post","Burundi Post",1,"http://www.poste.bi","BI",0,0,0,0
"buylogic","BuyLogic",0,"http://www.buylogic.cc/","",0,0,0,0
"vg-post","BVI Post",1,"https://bvi.gov.vg/","VG",0,0,0,0
"c-chez-vous","C Chez Vous",0,"https://www.cchezvous.fr/","FR",0,0,0,0
"ch-robinson","C.H. Robinson Worldwide, Inc.",0,"https://www.chrobinson.com/","",0,0,0,0
"cacesa-postal","Cacesa Postal",0,"https://www.cacesa.com/","",0,0,0,0
"cainiao","Cainiao",0,"https://global.cainiao.com/","",0,0,0,0
"kh-post","Cambodia Post",1,"https://www.cambodiapost.com.kh/","KH",0,0,0,0
"cm-post","Campost (Cameroon Post)",1,"https://www.campost.cm/","CM",0,0,0,0
"air-gtc","Canada Air Express",0,"https://air-gtc.com/","",0,0,0,0
"ca-post","Canada Post",1,"https://www.canadapost.ca/","CA",0,0,0,0
"canpar","Canpar Express",0,"https://www.canpar.ca/","",0,0,0,0
"cpex","Captain Express International",0,"http://www.cpex.ltd/","",0,0,0,0
"cargointl-de","Cargo International",0,"https://www.cargointernational.de/","",0,0,0,0
"cargomatic","Cargomatic",0,"https://www.cargomatic.fr/","FR",0,0,0,0
"cargus","Cargus",0,"https://www.cargus.ro/","",0,0,0,0
"caribou","Caribou",0,"https://wearecaribou.com/","",0,0,0,0
"carry-flap","Carry-Flap Co.,Ltd.",0,"https://carry-flap.com/","JP",0,0,0,0
"castores","Castores",0,"https://www.castores.com.mx/","MX",0,0,0,0
"ky-post","Cayman Islands Postal Service",1,"http://www.caymanpost.gov.ky/portal/page/portal/poshome","KY",0,0,0,0
"cbl-logistica","CBL Logistica",0,"https://www.cbl-logistica.com/","",0,0,0,0
"cdek","CDEK Global",0,"https://cdek-express.com/","",0,0,0,0
"cdek-ru","CDEK Russia",0,"https://www.cdek.ru/","RU",0,0,0,0
"cdek-tr","CDEK Turkey (Deprecated)",0,"https://cdek.com.tr/","TR",0,0,0,1
"cdl-last-mile","CDL Last Mile",0,"https://cdldelivers.com/","",0,0,0,0
"celeritas","Celeritas",0,"https://celeritastransporte.com/","",0,0,0,0
"cz-post","Česká pošta",1,"http://www.ceskaposta.cz/","CZ",0,0,0,0
"ceva-logistics","CEVA LOGISTICS",0,"https://www.cevalogistics.com/","",1,0,0,0
"cfl-logistics","CFL Multimodal",0,"https://www.cfl-mm.lu/en-gb","",0,0,0,0
"cgs-express","CGS Express (Deprecated)",0,"http://www.cgs-express.com/","",0,0,0,1
"hzchgj","CH EXPRESS",0,"http://www.hzchgj.com/","CN",0,0,0,0
"td-post","Chad Post",1,"https://www.facebook.com/STPETCHAD/","TD",0,0,0,0
"champion-logistics","Champion Logistics",0,"https://www.champlog.com/","",0,0,0,0
"cheer","Cheer",0,"https://www.cheer56.com/","",0,0,0,0
"chunhonggyl","CHH ChunhonggongyInglian",0,"http://www.chunhonggyl.com/","CN",0,0,0,0
"chic-express","Chic Express",0,"https://www.chicexpressglobal.com/","CN",0,0,0,0
"chilexpress-cl","Chilexpress",0,"https://chilexpress.cl/","",0,0,0,0
"cn-post","China Post",1,"http://yjcx.chinapost.com.cn/","CN",0,0,0,0
"cn-post-ems","China Post EMS (ePacket)",0,"http://www.11183.com.cn/","",0,0,0,0
"fb56","China Railway Flying Leopard",0,"http://www.fb56.com/","",0,0,0,0
"china-russia56","China Russia56",0,"http://www.china-russia56.com","CN",0,0,0,0
"china-courier","CHINACOURIER",0,"http://export.chinacourierhk.com:9088/login","",0,0,0,0
"chinastarlogistics","ChinaStarLogistics",0,"http://www.chinastarlogistics.com/","",0,0,0,0
"chinz56","Chinz Logistics",0,"http://www.chinz56.co.nz/","NZ",0,0,0,0
"chitchats","Chit Chats",0,"https://chitchats.com","",0,0,0,0
"choice","CHOICE Logistics",0,"http://en.choicexp.com/","CN",0,0,0,0
"choir-express","Choir Express Indonesia",0,"https://choirexpress.co.id/id","ID",0,0,0,0
"chronopost","Chronopost",0,"https://www.chronopost.fr/en","",0,0,0,0
"chronopost-fr","Chronopost France",0,"http://www.chronopost.fr/","FR",0,0,0,0
"cht361","CHT",0,"http://www.cht361.com/","CN",0,0,0,0
"chuangyu-logistics","Chuangyu Logistics",0,"http://www.cy-express.com/","",0,0,0,0
"ck1","Chukou1 (ck1)",0,"https://www.chukou1.com/","",0,0,0,0
"ec-firstclass","Chukou1 (ck1) - EC-firstclass",0,"https://ec-firstclass.chukou1.com","",0,0,0,0
"tw-post","Chunghwa Post",1,"http://www.post.gov.tw/","TW",0,0,0,0
"ciblex","Ciblex Express",0,"https://ciblex.eu/en/","FR",0,0,0,0
"cirro-track","Cirro E-Commerce",0,"https://www.cirroglobal.com/","",0,0,0,0
"citisprint","Citisprint",0,"https://www.citisprint.co.za/","",0,0,0,0
"cititrans","CITITRANS",0,"http://www.cititrans.com/","",0,0,0,0
"citylinkexpress","City-Link Express",0,"http://www.citylinkexpress.com/","",0,0,0,0
"citymail","CityMail",0,"https://www.citymail.se/","SE",0,0,0,0
"cj-century","CJ Century",0,"https://www.cjcentury.com/","",0,0,0,0
"cj-logistics","CJ Logistics",0,"https://www.cjlogistics.com/","",0,0,0,0
"cj-logistics-my","CJ Logistics Malaysia",0,"https://www.cjlogistics.com/en/network/en-my","MY",0,0,0,0
"cjpacket","CJ PACKET",0,"https://cjpacket.com/","",0,0,0,0
"ckeex","Ckeex",0,"http://www.ckeex.com/","",0,0,0,0
"cl-elogistics","CL E-Logistics Solutions Limited",0,"http://www.clels.com","HK",0,0,0,0
"clevy-links","Clevy Links",0,"https://clevylinks.com/","",0,0,0,0
"hkems","Cloud mail cross border Express",0,"http://www.hkems.cn/","CN",0,0,0,0
"cloudwish-asia","Cloudwish Asia",0,"https://www.cloudwish.asia/","",0,0,0,0
"cndexpress","CND Express",0,"http://www.cndexpress.com/","",0,0,0,0
"cnexps","CNE Express",0,"https://www.cne.com/","",0,0,0,0
"cnilink","CNILINK",0,"https://www.cnilink.com/","",0,0,0,0
"cnpex","Cnpex",0,"https://www.auexpress.com/","CN",0,0,0,0
"cnwangtong","CnWangTong Dianyoujian e-Commerce",0,"https://cnwangtong.com/","CN",0,0,0,0
"coe","COE",0,"http://www.coe.com.hk/lang?lang=us","",0,0,0,0
"colicoli","Colicoli",0,"https://en.colicoli.fr/","",0,0,0,0
"colis-gros-volume-fr","Colis Gros Volume",0,"https://colisgrosvolume.fr/","FR",1,0,0,0
"colis-prive","Colis Prive",0,"https://www.colisprive.com/moncolis/","FR",0,0,0,0
"colissimo","Colissimo",0,"https://www.laposte.fr/colissimo","FR",0,0,0,0
"collect-plus","Collect Plus",0,"https://www.collectplus.co.uk/","",0,0,0,0
"collectco","CollectCo",0,"https://collectco.my/","",0,0,0,0
"collivery","Collivery",0,"https://collivery.net/","",0,0,0,0
"comet-hellas-gr","Comet Hellas",0,"https://www.comethellas.gr/","",0,0,0,0
"comet-tech","Comet Tech",0,"https://comet-tech.com.cn/","",0,0,0,0
"commonline-express","Commonline Express",0,"https://clexpress.lk/","",0,0,0,0
"comone","ComOne Express",0,"http://com1express.net/home.html","",0,0,0,0
"km-post","Comoros Post",1,,"KM",0,0,0,0
"comexpress","COMPASS EXPRESS",0,"http://comexpress.ca/index.aspx","",0,0,0,0
"con-way","Con Way",0,"https://www.con-way.com/","",0,0,0,0
"cd-post","Congolese Posts and Savings Company",1,"http://www.scpt.cd/web/","CD",0,0,0,0
"connect-co","ConnectCo",0,"http://www.connectco.lk","LK",0,0,0,0
"continental","Continental Global Service Ltd",0,"https://www.contin-global.com/","",0,0,0,0
"coordinadora","Coordinadora",0,"https://www.coordinadora.com/","",0,0,0,0
"copa-courier","Copa Airlines Courier",0,"https://www.copacourier.com/","",0,0,0,0
"cope","Cope Sensitive Freight",0,"https://www.cope.com.au/","AU",0,0,0,0
"corporate-couriers","Corporate Couriers Logistics",0,"https://www.corporatecouriers.net/","CA",0,0,0,0
"br-post","Correios (Brazil Post)",1,"http://correios.com.br/","BR",0,0,0,0
"gw-post","Correios da Guiné Bissau",1,,"GW",0,0,0,0
"ao-post","Correios de Angola",1,"http://www.correiosdeangola.ao/","AO",0,0,0,0
"cv-post","Correios de Cabo Verde",1,"https://correios.cv/","CV",0,0,0,0
"mo-post","Correios de Macau",1,"http://www.ctt.gov.mo/","MO",0,0,0,0
"mz-post","Correios de Moçambique",1,"http://www.correios.co.mz/","MZ",0,0,0,0
"st-post","Correios de São Tomé e Príncipe",1,,"ST",0,0,0,0
"tl-post","Correios de Timor Leste",1,"http://www.correios.gov.tl/","TL",0,0,0,0
"ar-post","Correo Argentino",1,"https://www.correoargentino.com.ar/","AR",0,0,0,0
"py-post","Correo Paraguayo",1,"http://www.correoparaguayo.gov.py/","PY",0,0,0,0
"uy-post","Correo Uruguayo",1,"https://www.correo.com.uy/home","UY",0,0,0,0
"ad-post-correos","Correos (Andorra)",1,"https://www.correos.es/es/es/particulares","AD",0,0,0,0
"bo-post","Correos Bolivia",1,"https://www.correos.gob.bo/","BO",0,0,0,0
"cl-post","Correos de Chile",1,"https://www.correos.cl/","CL",0,0,0,0
"cr-post","Correos de Costa Rica",1,"http://www.correos.go.cr/","CR",0,0,0,0
"cu-post","Correos de Cuba",1,"http://www.correos.cu/","CU",0,0,0,0
"sv-post","Correos de el Salvador",1,"https://www.correos.gob.sv/","SV",0,0,0,0
"es-post","Correos de España (Post of Spain)",1,"http://www.correos.es","ES",0,0,0,0
"mx-post","Correos de México (Mexico Post)",1,"http://www.correosdemexico.com.mx/","MX",0,0,0,0
"ni-post","Correos de Nicaragua",1,"http://www.correos.gob.ni/","NI",0,0,0,0
"ec-post","Correos del Ecuador",1,"https://www.correosdelecuador.gob.ec/","EC",0,0,0,0
"correos-express","Correos Express",0,"https://www.correosexpress.com/","",0,0,0,0
"zy100-express","Cosco Express",0,"http://www.zy100-express.com/","",0,0,0,0
"cosco-shipping-air","Cosco Shipping Air",0,"https://lines.coscoshipping.com/home/","",0,0,0,0
"cosex","Cosex",0,"https://www.cosex.cn/index","",0,0,0,0
"courant-plus","Courant Plus",0,"https://courant.plus/","CA",0,0,0,0
"courier-center","Courier Center",0,"https://www.courier.gr","GR",0,0,0,0
"courierit","COURIERIT",0,"https://www.courierit.co.za/","ZA",0,0,0,0
"courierplus-ng","CourierPlus Nigeria",0,"https://www.courierplus-ng.com/","",0,0,0,0
"courierpost","CourierPost",0,"http://www.courierpost.co.nz/","",0,0,0,0
"couriersplease","Couriers Please",0,"https://www.couriersplease.com.au","",0,0,0,0
"cpacket","Cpacket / Canadapostway",0,"http://www.canadaposteway.cn","",0,0,0,0
"cw-post","CPost (Curaçao Post)",1,"https://www.cpostinternational.com/","CW",0,0,0,0
"cpszy","CPSZY",0,"https://www.cpszy.com/","",0,0,0,0
"crazyexpress","Crazy Express",0,"http://www.crazyexpress.ca/","",0,0,0,0
"croshot","Croshot",0,"http://www.croshot.com/","",0,0,0,0
"csd-express","CSD Express",0,"http://www.csdexpress.com/","",0,0,0,0
"cse","CSE (Courier Service Express)",0,"https://www.cse.ru/","",0,0,0,0
"csil-group","CSIL",0,"http://www.csil-group.com/","",0,0,0,0
"ctc-express","CTC Express",0,"http://www.ctc-express.com.tw/","",0,0,0,0
"pt-post","CTT (Portugal Post)",1,"http://www.ctt.pt/","PT",0,0,0,0
"tourline-express","CTT Express (Tourline Express)",0,"https://www.tourlineexpress.com","",0,0,0,0
"cubyn","Cubyn",0,"https://www.cubyn.com/","",0,0,0,1
"cuckooexpress","Cuckoo Express",0,"http://www.cuckooexpress.com/","",0,0,0,0
"cxc-express","CXC Express",0,"https://cxc.com.hk/","",0,0,0,0
"cy-post","Cyprus Post",1,"https://www.cypruspost.post/","CY",0,0,0,0
"dachser","DACHSER Intelligent Logistics",0,"https://www.dachser.com/","",0,0,0,0
"dai-post","DAI Post",0,"https://www.daipost.com/","",0,0,0,0
"danniao","Dan Niao",0,"https://www.danniao.com/","",0,0,0,0
"danske-fragt","Danske Fragt",0,"https://www.fragt.dk/","",0,0,0,0
"dao-as","dao",0,"https://www.dao.as/","",0,0,0,0
"dawnwing","Dawn Wing (DPD Laser)",0,"https://www.dpd.com/za/en/","ZA",0,0,0,0
"dayross","Day & Ross",0,"https://dayross.com","CA",0,0,0,0
"dayton-freight","Dayton Freight",0,"https://www.daytonfreight.com/","",0,0,0,0
"db-schenker","DB Schenker",0,"https://www.dbschenker.com/global","",0,0,0,0
"dd-express","DD Express",0,"https://dd.express/","",0,0,0,0
"ddu-express","DDU Express",0,"http://ddu-express.com/","",0,0,0,0
"dealer-send","DealerSend",0,"https://dealer-send.com/","",0,0,0,0
"decnlh","decnlh",0,"http://www.decnlh.com/","",0,0,0,0
"dekun","Dekun",0,"http://www.dekuncn.com","",0,0,0,0
"delcart-in","Delcart ",0,"http://www.delcart.in/","IN",0,0,0,0
"delhivery","Delhivery",0,"http://www.delhivery.com/","",0,0,0,0
"delivere","deliverE",0,"https://delivere.com.au/","",0,0,0,0
"deliveryontime","Deliveryontime (Bizlog)",0,"http://www.bizlog.in","",0,0,0,0
"dellin","Dellin",0,"https://www.dellin.ru/","",0,0,0,0
"delnext","Delnext",0,"https://www.delnext.com/EN/","",0,0,0,0
"deltec-courier","Deltec Courier",0,"https://www.deltec-courier.com/","",0,0,0,0
"demandship","Demandship",0,"http://www.demandship.com/","",0,0,0,0
"deppon","Deppon",0,"https://www.deppon.com/","",0,0,0,0
"deprisa","Deprisa",0,"https://www.deprisa.com/","",0,0,0,0
"deqi-bsc","DEQI BSC",0,"http://web.tpdex.com/","",0,0,0,0
"descartes","Descartes",0,"https://www.innovelsolutions.com","",0,0,0,0
"destiny","Destiny Transportation",0,"https://www.destinyltl.com/","US",0,0,0,0
"detrack","Detrack (Deprecated)",0,"http://www.detrack.com/","",0,0,0,1
"de-post","Deutsche Post",1,"https://www.deutschepost.de/","DE",0,0,0,0
"dex-i","DEX-I",0,"http://www.dex-i.com/","",0,0,0,0
"dfglobalex","dfglobalex",0,"http://www.dfglobalex.com/","",0,0,0,0
"dg-transporte","DG Transporte",0,"https://www.dg-transporte.de/","",1,0,0,0
"dhl","DHL",0,"https://www.dhl.com/","",0,0,0,0
"dhl-active-tracing","DHL Active Tracing",0,"https://activetracing.dhl.com/","",0,0,0,0
"dhl-be","DHL Belgium",0,"https://www.dhlparcel.be/","BE",1,0,0,0
"dhl-global-mail-asia","DHL eCommerce Asia",0,"https://ecommerceportal.dhl.com/","",0,0,0,0
"dhl-global-mail","DHL eCommerce Global",0,"https://www.dhl.com/us-en/home/tracking/tracking-ecommerce.html","",0,0,0,0
"dhl-tr","DHL eCommerce Turkey",0,"https://www.dhlecommerce.com.tr/","TR",0,0,0,0
"mng-kargo","DHL eCommerce Turkey (Formerly MNG Kargo)",0,"https://www.mngkargo.com.tr/","",0,0,0,0
"dhl-express","DHL Express",0,"https://mydhl.express.dhl/","",0,0,0,0
"dhl-freight","DHL Freight",0,"https://www.dhl.com/global-en/home/our-divisions/freight.html","",0,0,0,0
"dhl-de","DHL Germany",0,"https://www.dhl.de/","DE",0,0,0,0
"dhl-group","DHL Group",0,"https://www.dhl.com/","",1,0,0,0
"dhl-packet","DHL Packet",0,"https://www.dhl.de/en/privatkunden/pakete-empfangen/verfolgen.html","",0,0,0,1
"dhlparcel-nl","DHL Parcel NL",0,"https://www.dhlparcel.nl/","NL",0,0,0,0
"dhlparcel-uk","DHL Parcel UK",0,"https://www.dhl.com/gb-en/","GB",0,0,0,0
"dhl-pl","DHL Poland",0,"http://www.dhl.com.pl/","PL",0,0,0,0
"dhl-es","DHL Spain",0,"https://clientesparcel.dhl.es/LiveTracking/","ES",0,0,0,0
"dhlink","Dhlink",0,"http://www.dhlink.com/","CN",0,0,0,0
"diamond-eurogistics","Diamond Eurogistics Limited",0,"https://www.diamondeurogistics.co.uk/","GB",0,0,0,0
"didadi","DIDADI Logistics",0,"http://mydidadi.com/","",0,0,0,0
"dimerco","Dimerco Express Group",0,"http://www.dimerco.com/","",0,0,0,0
"directcouriers","Direct Couriers (Australia)",0,"https://www.directcouriers.com.au/","AU",0,0,0,0
"direct-link","Direct Link",0,"https://www.directlink.com/","",0,0,0,0
"directparcels","Direct Parcels",0,"https://directparcels.co.uk/","",0,0,0,0
"directfreight-au","Directfreight Au",0,"http://www.directfreight.com.au/","",0,0,0,1
"direct-log","Directlog",0,"http://www.directlog.com.br/","",0,0,0,0
"dj-post","Djibouti Post",1,"https://www.laposte.dj/","DJ",0,0,0,0
"dmm-network","DMM Network",0,"http://www.dmmnetwork.it/","",0,0,0,0
"dms-matrix","DMSMatrix",0,"https://dmsmatrix.net/trackings/get_info","",0,0,0,0
"dnj-express","DNJ Express",0,"http://www.dnjexpress.com/en/","CN",0,0,0,0
"dobropost","DobroPost",0,"https://dobropost.com/","",0,0,0,0
"dm-post","Dominica Post",1,,"DM",0,0,0,0
"doora","Doora",0,"http://www.doora.co.kr","",0,0,0,0
"doordash","DoorDash",0,"https://www.doordash.com/","US",0,0,0,0
"dotzot","Dotzot",0,"http://dotzot.in/","",0,0,0,0
"dpd","DPD",0,"http://www.dpd.com/","",1,1,0,0
"dpd-at","DPD Austria",0,"https://www.mydpd.at/","AT",0,0,0,0
"dpd-br","DPD Brazil (Jadlog)",0,"https://jadlog.com.br/","BR",0,0,0,0
"dpd-fr","DPD France",0,"https://www.dpd.fr/","FR",0,0,0,0
"dpd-de","DPD Germany",0,"https://www.dpd.com/de/de/","DE",0,0,0,0
"dpd-gr","DPD Greece",0,"https://tracking.dpd.gr/","",0,0,0,0
"dpd-group","DPD Group",0,"http://www.dpd.com/","",1,0,0,0
"dpd-hk","DPD Hong Kong",0,"http://dpdgroup.hk/Tracking.htm","HK",0,0,0,0
"dpd-hu","DPD Hungary",0,"https://www.dpd.com/hu/hu/","HU",1,0,0,0
"dpd-ie","DPD Ireland",0,"https://dpd.ie/","IE",0,0,0,0
"dpd-pl","DPD Poland",0,"https://www.dpd.com.pl/","PL",0,0,0,0
"dpd-pt","DPD Portugal",0,"https://www.dpd.com/pt/pt/","PT",0,0,0,0
"dpd-ro","DPD Romania",0,"https://www.dpd.com/ro/ro/","RO",0,0,0,0
"dpd-ru","DPD Russia",0,"https://www.dpd.ru/","RU",0,0,0,0
"dpd-uk","DPD United Kingdom",0,"https://www.dpd.co.uk/","GB",1,0,0,0
"dpe-express","DPE Expess",0,"http://www.dpe.net.cn/","",0,0,0,0
"dpe-za","DPE South Africa",0,"http://www.dpe.co.za/","",0,0,0,0
"dpex","DPEX",0,"https://www.dpex.com","",0,0,0,0
"szdpex","DPEX China",0,"http://www.szdpex.com.cn","",0,0,0,0
"dpx-express","DPX Express",0,"https://en.dpx-express.com/","",0,0,0,0
"dragonfly","Dragonfly",0,"https://dragonflyshipping.com.au/","AU",0,0,0,0
"dsv","DSV",0,"http://www.dsv.com/","",0,0,0,0
"dsv-za","DSV (South Africa)",0,"https://www.dsv.com/en-za/","ZA",0,0,0,0
"dtd-direct","DTD Express Logistica",0,"http://www.dtdexpress.mx/","MX",0,0,0,0
"dtdc","DTDC",0,"https://www.dtdc.in/","IN",0,0,0,0
"dwe","DWE EX",0,"https://dweex.com/","",0,0,0,0
"dwz-logistics","DWZ Internation Logistics",0,"http://www.dwz56.com/","",0,0,0,0
"dxdelivery","DX Delivery",0,"https://www.dxdelivery.com","GB",1,0,0,0
"dyexpress","DYEXPRESS",0,"https://dyexpress.com/","",0,0,0,0
"dylo-express","Dylo Express",0,"https://www.dyloexpress.com/","MX",0,0,0,0
"dylt","Dylt",0,"http://www.dylt.com/","",0,0,0,0
"dynalogic","DynaLogic",0,"https://www.dynalogic.eu/en/","NL",1,0,0,0
"dynamic-logistics","Dynamic Logistics",0,"http://www.dynamic-logistics.com/","",0,0,0,0
"e-d-post","E D POST",0,"http://www.666post.com/","",0,0,0,0
"e-commerce-kz","E-commerce KZ",0,"http://www.e-commercekz.com","",0,0,0,0
"eac","EAC",0,"https://www.szeac.com/","",0,0,0,0
"early-bird","Early Bird",0,"https://earlybird.se/","",0,0,0,0
"easy-mail","Easy Mail",0,"http://easy-mail.gr/","",0,0,0,0
"easy-ship","Easy Ship",0,"https://www.easyship.com/","",0,0,0,0
"easy-way","Easy Way",0,"https://pecom.ru/easyway/","",0,0,0,0
"easyget","EasyGet",0,"https://www.easyget.com.ua/","UA",0,0,0,0
"ebowxp","EBO",0,"http://www.eboexp.com/","CN",0,0,0,0
"ebxpress","EBXpress",0,"https://www.ebxpress.com.mx/","MX",0,0,0,0
"ecargo-asia","Ecargo Asia",0,"http://ecargo.asia/","",0,0,0,0
"ecexpress","ECexpress",0,"https://www.ecexpress.com.cn/","",0,0,0,0
"global-routers","Echindia",0,"http://www.globalrouters.cn/","CN",0,0,0,0
"echo","Echo",0,"http://echo.com/","",0,0,0,0
"ecms","Ecms Express",0,"https://www.ecmsglobal.com/","",0,0,0,0
"ecom-express","Ecom Express (Delhivery)",0,"https://www.ecomexpress.in/","IN",0,0,0,0
"econt","Econt",0,"https://www.econt.com/en/","",0,0,0,0
"ecoscooting","ECOSCOOTING",0,"https://www.ecoscooting.com/","ES",0,0,0,0
"ecourier-bd","eCourier (Bangladesh)",0,"https://ecourier.com.bd/","BD",0,0,0,0
"edlon-logistics","Edlon Logistics",0,"http://www.szedlon.com/","",0,0,0,0
"efex","eFEX",0,"http://efex.jp/","",0,0,0,0
"efs","EFS",0,"http://efs.asia/script/users/main.php","",0,0,0,0
"efspost","EFSPost",0,"http://www.efspost.com/","CN",0,0,0,0
"eg-post","Egypt Post",1,"https://www.egyptpost.org/","EG",0,0,0,0
"ekart","Ekart Logistics",0,"https://www.ekartlogistics.com/","",0,0,0,0
"pe-post","El Correo del Peru (Peru Post)",1,"http://www.serpost.com.pe/","PE",0,0,0,0
"electrolux-tms","Electrolux (TMS)",0,"https://cuida.electrolux.com.br/","BR",0,0,0,0
"elinex","ELINEX",0,"https://www.elinex.cn/","",0,0,0,0
"elitebio","ELITEBIO",0,"https://www.elitebio.com/","",0,0,0,0
"elog-luxembourg","Elog Luxembourg",0,"https://www.elog-luxembourg.com/","LU",0,0,0,0
"elogistica","elogistica Ligistica Urbana",0,"http://www.elogistica.com/","",0,0,0,0
"elta-courier-gr","ELTA Courier",1,"https://www.elta-courier.gr/","GR",0,0,0,0
"gr-post","ELTA Hellenic Post",1,"https://www.elta.gr/","GR",0,0,0,0
"emons","Emons",0,"https://www.emons.de","DE",0,0,0,0
"ae-post","Empost (Emirates Post)",1,"http://www.epg.gov.ae/","AE",0,0,0,0
"empsexpress","EMPS Express",0,"http://www.empsexpress.com/","",0,0,0,0
"ems","EMS Post",1,"https://www.ems.post/","",0,0,0,0
"endeavour-delivery","Endeavour Delivery",0,"https://endeavourdelivery.com.au/","",0,0,0,0
"ensenda","Ensenda",0,"http://ensenda.com/","",0,0,0,0
"envialia","Envialia",0,"http://www.envialia.com/","",1,0,0,0
"enviopack","Enviopack",0,"https://www.enviopack.com/","",0,0,0,1
"enviopack-ar","Enviopack AR",0,"https://www.enviopack.com.ar/","AR",0,0,0,0
"enviopack-mx","Enviopack MX",0,"https://www.enviopack.com.mx/","",0,0,0,0
"ep-box","Ep Box",0,"http://www.ep-box.com","",0,0,0,0
"eparcel-kr","eParcel Korea",0,"https://eparcel.kr/Track/Search","",0,0,0,0
"epostglobal","ePost Global",0,"https://portal.epgshipping.com/","",0,0,0,0
"eps-globe","EPS Globe",0,"http://www.epsglobe.com/","",0,0,0,0
"sz-post","EPTC",1,"http://www.eptc.co.sz/","SZ",0,0,0,0
"eqt","EQT",0,"http://www.17post56.com/","",0,0,0,0
"gq-post","Equatorial Guinea Post",1,,"GQ",0,0,0,0
"equick-cn","Equick China",0,"https://www.equick.cn","",0,0,0,0
"eretail","eRetail Logistics",0,"http://www.eretaillogistics.com.au","",0,0,0,0
"er-post","Eritrea Post",1,"https://eripostal.com/","ER",0,0,0,0
"ese","ESE",0,"http://e-se.cn/","CN",0,0,0,0
"eship","eShip",0,"https://myeship.co/","",0,0,0,0
"eshipping","Eshipping",0,"http://www.eshippinggateway.com/uexpress/","",0,0,0,0
"eshun","Eshun (ZES Express)",0,"http://www.zes-express.com/","",0,0,0,0
"esnad-express","Esnad Express",0,"https://www.esnadexpress.com/","",0,0,0,0
"espeedpost","Espeedpost",0,"https://www.espeedpost.com/","",0,0,0,0
"espost-cn","Espost",0,"https://www.espost.es/","",0,0,0,0
"estafeta","Estafeta",0,"https://www.estafeta.com/","",0,0,0,0
"estafetausa","Estafeta USA",0,"https://estafetausa.com/","US",0,0,0,0
"estes","Estes",0,"http://www.estes-express.com","",0,0,0,0
"esx-logistics","ESX Logistics",0,"http://www.8starexpress.com/","",0,0,0,0
"eteen","ETEEN",0,"http://www.eteenlog.com/","",0,0,0,0
"et-post","Ethiopian Postal Service",1,"https://www.ethiopostal.com/","ET",0,0,0,0
"etomars","Etomars",0,"https://www.etomars.com","",0,0,0,0
"etotal","eTotal Solution Limited",0,"http://www.e-total.com/","",0,0,0,0
"ets","ETS Express (RETS)",0,"http://ets-express.com/","",0,0,0,0
"eu-fleet-solutions","EU Fleet Solutions",0,"http://www.eufleetsolutions.co.uk/","",0,0,0,0
"euasia","Euasia Express",0,"http://www.euasia.eu","",0,0,0,0
"eurocommerce","Eurocommerce",0,"https://eurocommerce.pl/en/","PL",0,0,0,0
"eurodis","Eurodis",0,"https://eurodis.com/","",0,0,0,0
"evri","Evri",0,"https://www.evri.com/","GB",0,0,0,0
"hermes-uk","Evri (Formerly Hermes UK)",0,"https://www.evri.com/","GB",0,0,0,1
"hermes","Evri (Formerly Hermes World)",0,"https://www.evri.com/","",0,0,0,1
"ewe-global-express","EWE Global Express",0,"http://www.ewe.com.au/","",0,0,0,0
"ews-yq","EWS-YQ Profit Fields",0,"http://epost.8dt.com/","",0,0,0,0
"exapaq","Exapaq (DPD France)",0,"http://www.dpd.fr/","FR",0,0,0,1
"exelot","Exelot",0,"http://www.exelot.com/","",0,0,0,0
"expeditors","Expeditors International",0,"https://www.expeditors.com/","",0,0,0,0
"expresscourierintl","Express Courier",0,"https://expresscourierintl.com/tracking-results","US",0,0,0,0
"express-one","Express One",0,"https://expressone.hu/","HU",0,0,0,0
"eyoupost","Eyou800",0,"http://www.eyou800.com/","CN",0,0,0,0
"ez-express","ez.express",0,"http://www.owdiex.com/","",0,0,0,0
"ezship","Ezship",0,"http://ezshipkorea.co.kr","",0,0,0,0
"fafalux","fafalux",0,"http://www.fafalux.com/","CN",0,0,0,0
"fk-post","Fakland Islands Post",1,"https://www.falklandstamps.com/","FK",0,0,0,0
"famiport","FamiPort",0,"https://www.famiport.com.tw/","",0,0,0,0
"fancourier","Fan Courier",0,"https://www.fancourier.ro/en/","RO",0,0,0,0
"fancourier-intl","Fan Courier International",0,"https://fancourier.eu/","",0,0,0,0
"far-international","FAR international",0,"http://www.far800.com/","",0,0,0,0
"fargood","FarGood",0,"http://www.fargoodexpress.com/","CN",0,0,0,0
"xffbb","FAST BEE",0,"http://www.xffbb.com","",0,0,0,0
"fast-despatch","Fast Despatch",0,"https://fastdespatch.com/","",0,0,0,0
"fastgo","Fastgo",0,"https://www.fastgo.com.au/","NZ",0,0,0,0
"fasttrack","Fasttrack Logistica Express",0,"https://fasttrack.com.ar/","AR",0,0,0,0
"fastway","Fastway ",0,"https://fastway.org/","",0,0,0,0
"fastway-nz","Fastway New Zealand",0,"https://www.fastway.co.nz","NZ",0,0,0,0
"fastway-za","Fastway South Africa",0,"https://www.fastway.co.za","ZA",0,0,0,0
"fastwl","FASTWL (Fast World Logistic)",0,"https://www.fastwl.com/","",0,0,0,0
"ferry-boat-logistics","FBL Feey Boat Logistics",0,"http://www.ferryboatlogistics.com/","",0,0,0,0
"fckj-express","FCKJ",0,"http://www.fckjexpress.com/","",0,0,0,0
"fedex","FedEx",0,"https://www.fedex.com","",0,0,0,0
"fedex-cross-border","FedEx Cross Border",0,"https://fictracking.fedex.com/","",0,0,0,0
"fedex-fims","FedEx FIMS",0,"http://mailviewrecipient.fedex.com/","",0,0,0,0
"fedex-pl","FedEx Poland",0,"http://www.fedex.com/pl/","PL",0,0,0,0
"fercam","FERCAM",0,"http://www.fercam.com","",0,0,0,0
"fetchr","Fetchr",0,"https://fetchr.us/","",0,0,0,0
"fgmailconnect","fgmailconnect",0,"https://track.fgmailconnect.co.nz/","",0,0,0,0
"fiege","Fiege Logistics",0,"https://www.fiege.com/","",0,0,0,0
"first-flight","First Flight",0,"https://www.firstflight.net/","",0,0,0,0
"first-flight-me","First Flight (Middle East)",0,"https://firstflightme.com/","",0,0,0,0
"first-line","FIRST LINE",0,"http://www.firstline56.com/","",0,0,0,0
"first-logistics","First Logistics",0,"https://www.firstlogistics.co.id/","",0,0,0,0
"firstmile","FirstMile",0,"https://firstmile.com/","",0,0,0,0
"flashexpress-la","Flash Express Laos",0,"https://www.flashexpress.la/","LA",0,0,0,0
"flashexpress-my","Flash Express Malaysia",0,"https://www.flashexpress.my/","MY",0,0,0,0
"flashexpress-ph","Flash Express Philippines",0,"https://www.flashexpress.ph/","PH",0,0,0,0
"flashexpress","Flash Express Thailand",0,"https://www.flashexpress.com/","TH",0,0,0,0
"flecha-amarilla","Flecha Amarilla",0,"https://www.paqueteria-flechaamarilla.com.mx/","MX",0,0,0,0
"flip-post","Flip Post",0,"https://flippost.com","",0,0,0,0
"flow-io","Flow Commerce",0,"https://www.flow.io","",0,0,0,0
"njfeibao","Flying Leopards Express",0,"http://njfeibao.com","CN",0,0,0,0
"flysman","FLYSMAN",0,"http://www.flysman.com/","CN",0,0,0,0
"flyt-express","Flytexpress",0,"http://www.flytexpress.com/","",0,0,0,0
"fmx","Fmx",0,"https://www.fmx.asia/","",0,0,0,0
"fonsen-logistics","Fonsen Logistics",0,"https://portal.fonsenlogistics.com/","",0,0,0,0
"forrun","forrun Pvt Ltd (Arpatech Venture)",0,"http://forrun.co/","",0,0,0,0
"four-seasons-fly","Four Seasons Fly",0,"http://www.fourseasonsfly.net/","",0,0,0,0
"fps-logistics","FPS Logistics",0,"http://www.fpslogistics.in/","",0,0,0,0
"freightquote","FREIGHTQUOTE by C.H. Robinson",0,"https://www.freightquote.com/","",0,0,0,0
"freterapido","freterápido",0,"https://freterapido.com","",0,0,0,1
"fsgj","FSGJ",0,"http://kd1913.com/","",0,0,0,0
"101iex","FT Exprss",0,"http://www.101iex.com/","",0,0,0,0
"ftd","FTD Express",0,"https://www.ftd.nz/","NZ",0,0,0,0
"fujie-express","FUJIE EXPRESS",0,"http://www.fujexp.com/","",0,0,0,0
"fulfilla","Fulfilla",0,"https://fulfilla.net/","",0,0,0,0
"fulfillmen","Fulfillmen",0,"https://www.fulfillmen.com","CN",0,0,0,0
"furdeco","Furdeco",0,"https://furdeco.co.uk/","",1,0,0,0
"furniture-logis","Furniture Logis",0,"https://furniturelogis.es/","ES",0,0,0,0
"bq-post","FXDC Post",1,"http://www.fxdc-post.com/","BQ",0,0,0,0
"gaash-worldwide","GAASH Worldwide",0,"https://gaashwd.com/","",0,0,0,0
"ga-post","Gabon Poste",1,"https://laposte.biz/","GA",0,0,0,0
"gaeaex","GAEA international",0,"http://www.gaeaex.com/","",0,0,0,0
"gm-post","GamPost",1,,"GM",0,0,0,0
"gangbao","GANGBAO Supplychain",0,"http://gangbao.impotax.cn","",0,0,0,0
"gati","Gati",0,"https://www.gati.com/","",0,0,0,0
"gati-kwe","Gati Kwe",0,"http://www.gatikwe.com/","",0,0,0,0
"gba-services","GBA Services",0,"https://www.gbaservices.com/","",0,0,0,0
"gbs-broker","GBS-Broker",0,"https://gbs-broker.ru/","",0,0,0,0
"k56","GCT K56",0,"http://www.gcmy56.com/","",0,0,0,0
"gcx-il","GCX",0,"https://gcx.co.il/","IL",0,0,0,0
"gd-express","GDEx",0,"https://www.gdexpress.com/","",0,0,0,0
"gdsk-de","GDSK",0,"https://www.gdsk.de/","",0,0,0,0
"gebruder-weiss","Gebruder Weiss",0,"https://gw-world.com/","DE",0,0,0,0
"geis","Geis Group CZ",0,"https://www.geis-group.cz/","CZ",0,0,0,0
"geis-pl","Geis Group PL",0,"https://www.geis.pl/","PL",0,0,0,0
"gel-express","Gel Express Logistik",0,"https://www.gel-express.de/","",1,0,0,0
"gemworldwide","GEM Worldwide",0,"https://www.gemworldwide.com/","",0,0,0,0
"geodis","Geodis",0,"https://geodis.com/","",1,0,0,0
"ge-post","Georgian Post",1,"https://gpost.ge","GE",0,0,0,0
"geswl","GESWL Express",0,"https://www.geswl.com/","",0,0,0,0
"gh-post","Ghana Post",1,"https://ghanapost.com.gh","GH",0,0,0,0
"ghl-logistics","GHL Logistics",0,"https://ghllogistics.be/","BE",0,0,0,0
"ghn","Ghn",0,"https://ghn.vn/","",0,0,0,0
"giantpost","GIANT EXPRESS",0,"http://www.giantpost.com.au/","",0,0,0,0
"gimen","GIMEN",0,"http://www.gimen56.com/","",0,0,0,0
"gio-express","GIO Express",0,"http://www.gioexpress.com/","",0,0,0,0
"glav-dostavka","GlavDostavka",0,"https://glav-dostavka.ru/","RU",0,0,0,0
"global-leader","Global Leader",0,"http://www.global-leader.cn/","",0,0,0,0
"global-post","Global Post",0,"https://www.goglobalpost.com/","",0,0,0,0
"global-trans-toledo","Global Trans",0,"https://globaltranstoledo.com/","ES",1,0,0,0
"globaltranz","GlobalTranz",0,"https://www.globaltranz.com/","",0,0,0,0
"globavend","Globavend",0,"https://www.globavend.com/","",0,0,0,0
"globegistics","Globegistics (Asendia USA)",0,"http://www.globegisticsinc.com/","",0,0,0,0
"gls","GLS",0,"https://gls-group.eu/EU/en/home","",1,0,0,0
"gls-ca","GLS Canada (Formerly Dicom)",0,"https://www.gls-canada.com/en/express/home","CA",0,0,0,0
"gls-hr","GLS Croatia",0,"https://gls-group.eu/HR/en/home","HR",1,0,0,0
"gls-cz","GLS Czech Republic",0,"https://gls-group.eu/CZ/en/home","CZ",1,0,0,0
"gls-de","GLS Germany",0,"https://www.gls-pakete.de/en/","DE",1,0,0,0
"gls-group","GLS Group",0,"https://gls-group.eu/EU/en/home","",1,0,0,0
"gls-hu","GLS Hungary",0,"https://gls-group.com/HU/en/home","HU",1,0,0,0
"gls-it","GLS Italy",0,"https://www.gls-italy.com/","IT",0,0,0,0
"gls-nl","GLS Netherlands",0,"https://gls-group.eu/NL/en/home","NL",1,0,0,0
"gls-pt","GLS Portugal",0,"https://www.gls-portugal.pt/","PT",1,0,0,0
"gls-ro","GLS Romania",0,"https://gls-group.eu/RO/en/home","RO",1,0,0,0
"gls-sk","GLS Slovakia",0,"https://gls-group.eu/SK/en/home","SK",1,0,0,0
"gls-si","GLS Slovenia",0,"https://gls-group.eu/SI/en/home","",1,0,0,0
"gls-es","GLS Spain (ASM)",0,"https://www.gls-spain.es/en/","ES",1,0,0,0
"gls-us","GLS US",0,"https://www.gls-us.com","US",0,0,0,0
"gls-us-freight","GLS US Freight",0,"https://www.gls-us.com","US",0,0,0,1
"goex","Go Express",0,"http://www.goex.co.nz/","NZ",0,0,0,0
"general-overnight","Go!Express and logistics",0,"https://www.general-overnight.com/","",0,0,0,0
"go2stream","Go2Stream",0,"https://go2stream.com/","GB",0,0,0,0
"gofly","Gofly",0,"http://goflyi.com/","",0,0,0,0
"gofo","GOFO",0,"https://www.gofo.com/","IT",0,0,0,0
"gofo-express","GOFO Express",0,"https://www.gofoexpress.com/index.html","",0,0,0,0
"gofo-fr","GOFO France",0,"https://www.gofo.com/fr/","FR",0,0,0,0
"cirro-parcel","GOFO France (formerly CIRRO Parcel)",0,"https://www.cirroparcel.fr/en/","FR",0,0,0,1
"gofo-it","GOFO Italy",0,"https://www.gofo.com/it/","IT",0,0,0,0
"gofo-nl","GOFO Netherlands",0,"https://www.gofo.com/nl/","NL",0,0,0,0
"gofo-es","GOFO Spain",0,"https://www.gofo.com/es/","ES",0,0,0,0
"gogo-xpress","GOGO Xpress",0,"https://www.gogoxpress.com","PH",0,0,0,0
"goitech","GOITECH",0,"https://www.goitech.com/","",0,0,0,0
"gojavas","Gojavas",0,"http://gojavas.com/","",0,0,0,0
"gopeople","GoPeople",0,"https://www.gopeople.com.au/","AU",0,0,0,0
"gotofreight","Gotofreight",0,"https://gotofreight.com/","CN",0,0,0,0
"gpd-service","GPD Service",0,"https://gpd-service.com/","",0,0,0,0
"gy-post","GPOC",1,"http://guypost.gy/gpoc/","GY",0,0,0,0
"grand-slam-express","Grand Slam Express",0,"http://grandslamexpress.in/","",0,0,0,0
"grastin","Grastin",0,"https://grastin.ru/","",0,0,0,0
"gd-post","Grenada Post",1,"http://www.grenadapostal.com/","GD",0,0,0,0
"greyhound","Greyhound (Package Express)",0,"http://www.shipgreyhound.com/","",0,0,0,0
"grupo-ampm","Grupo ampm",0,"http://www.grupoampm.com/","",0,0,0,0
"andreani","Grupo logistico Andreani",0,"http://www.andreani.com/","",0,0,0,0
"gsi-express","Gsi Express",0,"http://gsiexpress.com","",0,0,0,0
"gso","Gso (GLS US)",0,"https://www.gso.com/","",0,0,0,0
"gta-gsm","GTA GSM",0,"https://gtagsm.com/","CA",0,0,0,0
"gtdel","GTD",0,"https://gtdel.com/","RU",0,0,0,0
"gti","GTI",0,"http://www.gti56.com/","CN",0,0,0,0
"gts-express","GTS Express",0,"https://www.gtsexpress.com/","",0,0,0,0
"gttexpress","GTTEXPRESS",0,"http://gttexpress.com/","",0,0,0,0
"gp-post","Guadeloupe Post",1,"https://www.laposte.fr/","GP",0,0,0,0
"gt-post","Guatemala Post",1,"http://www.elcorreo.com.gt/","GT",0,0,0,0
"gg-post","Guernsey Post",1,"https://www.guernseypost.com/","GG",0,0,0,0
"gaopost","GXA (gaopost)",0,"http://www.gaopost.com/","",0,0,0,0
"gyl","GYL",0,"http://www.gyang.net/","",0,0,0,0
"gzty-express-tracking","GZTY Express",0,"http://www.gzty-express.com/","",0,0,0,0
"haidaibao","Haidaibao",0,"https://www.haidaibao.com","",0,0,0,0
"ht-post","Haiti Post",1,"http://www.laposte.gouv.ht/","HT",0,0,0,0
"yhtlogistics","Hanghangtong Logistics",0,"http://www.yhtlogistics.com/","CN",0,0,0,0
"hanjin","Hanjin",0,"https://www.hanjin.co.kr/","",0,0,0,0
"hxgj56","Hanxuan international express",0,"http://www.hxgj56.com/index.html","CN",0,0,0,0
"happy2thepoint","Happy 2THEPOINT (Deprecated)",0,"https://happy2thepoint.com/","",0,0,0,1
"happy-post","Happy-Post",0,"https://happy-post.com/","",0,0,0,0
"am-post","HayPost",1,"https://www.haypost.am/","AM",0,0,0,0
"hct-logistics","HCT Logistics",0,"https://www.hct.com.tw/","TW",0,0,0,0
"hdqn","HDQN",0,"http://hdgj19.com/","",0,0,0,0
"hellmann","Hellmann Worldwide Logistics",0,"https://www.hellmann.com/en","",0,0,0,0
"helthjem","Helthjem",0,"https://helthjem.no/","NO",0,0,0,0
"heppner-group","Heppner Group",0,"https://www.heppner-group.com/","",1,0,0,0
"hepsi-jet","Hepsi Jet",0,"https://hepsijet.com/","TR",0,0,0,0
"hermes-2-mann-handling","Hermes 2 Mann Handling",0,"https://myhes.de/","",0,0,0,0
"hermes-borderguru","Hermes Borderguru",0,"https://www.hermesborderguru.com/","",0,0,0,0
"hermes-de","Hermes Germany",0,"https://www.myhermes.de/","DE",0,0,0,0
"hfd","HFD",0,"https://www.hfd.co.il/","",0,0,0,0
"hilife","Hi LiFe",0,"https://www.hilife.com.tw/","TW",0,0,0,0
"hintzen","HIntzen",0,"https://www.hintzen.de/","DE",1,0,0,0
"hipshipper","Hipshipper",0,"https://www.hipshipper.com/","",0,0,0,0
"hjwl","HJWL",0,"http://www.hjwl.ltd/login","",0,0,0,0
"hjyt-express","HJYT EXPRESS",0,"http://www.hjyt56.com/","",0,0,0,0
"hkd-express","HKD International Logistics Qingdao",0,"http://www.hkdexpress.net/","",0,0,0,0
"hmcp","HMCP Huani Mao Cang Pei",0,"http://sztoppost.com/","CN",0,0,0,0
"hmg-express","HMG Huangmagua Supply Chain",0,"http://www.hmg-express.com/","",0,0,0,0
"hnca-logistics","HNCA Logistics",0,"http://www.hnhtyxgs.com/","",0,0,0,0
"hnfywl","Hnfywl",0,"http://www.hnfywl.com/","",0,0,0,0
"holisol","Holisol",0,"http://holisollogistics.com/","",0,0,0,0
"homelogistics-es","Home Logistics",0,"https://homelogistics.es/","ES",0,0,0,0
"hn-post","Honducor (Honduras Post)",1,"http://honducor.gob.hn/","HN",0,0,0,0
"hk-post","Hong Kong Post",1,"https://www.hongkongpost.hk/","HK",0,0,0,0
"hotwms","HOTWMS",0,"http://www.hotwms.com/trace.html","",0,0,0,0
"hound-express","Hound Express",0,"https://www.hound-express.com/","MX",0,0,0,0
"hoyang-express","HOYANGexpress",0,"http://www.hoyangexpress.com/","",0,0,0,0
"hqgjxb","HQGJXB",0,"http://www.hqgjhy.cn/","",0,0,0,0
"hr-parcel","HRP HR Parcel",0,"https://www.hrparcel.com/","",0,0,0,0
"hr-post","Hrvatska Posta",1,"http://www.posta.hr/","HR",0,0,0,0
"hsd-ex","HSD Ex",0,"http://www.hsd-ex.com/","",0,0,0,0
"hsd-express","HSD HongSuDa International Logistics Co.,Ltd",0,"https://www.hsd-express.com/","",0,0,0,0
"hsdgj","HSDGJ",0,"http://hsdexpress.com/","",0,0,0,0
"huayu","Hua Yu",0,"http://www.huayu-ex.com/","",0,0,0,0
"hh-exp","HUAHAN LOGISTICS",0,"https://www.hh-exp.cn/","",0,0,0,0
"huahang-express","HUAHANG EXPRESS",0,"http://www.hhjy56.cn/","",0,0,0,0
"huanshid","Huanshid",0,"http://www.huanshid.com/","",0,0,0,0
"huantong","HuanTong",0,"http://htkjwl.cn/","",0,0,0,0
"huasheng-int","Huasheng INT",0,"http://www.hsgjky.com/","",0,0,0,0
"huaxi-express","HuaXi Express",0,"http://www.huaxiexpress.com/","",0,0,0,0
"huif56","Hui Feng Logistics",0,"https://www.huif56.com/","",0,0,0,0
"huidaex","Huida Express",0,"http://huidaex.com/","",0,0,0,0
"huin-logistics","HUIN Logistics",0,"http://www.huinglobal.com/","",0,0,0,0
"huisenky","HuiSenKy",0,"http://www.huisenky.com/","",0,0,0,0
"hundred-miles-freight","Hundred Miles Freight",0,"http://www.bwwlys.com/","",0,0,0,0
"hunter-express","Hunter Express",0,"http://www.hunterexpress.com.au/home","",0,0,0,0
"huodull","Huodull",0,"http://www.huodull.com/","",0,0,0,0
"hx-express","Hx Express",0,"http://www.hx-ep.com/","",0,0,0,0
"hy-express","HY Express",0,"http://www.hy-express.com/","",0,0,0,0
"hzc","HZC",0,"http://hzc-express.com/","",0,0,0,0
"i-parcel","I Parcel (UPS)",0,"https://www.i-parcel.com/","",0,0,0,0
"icumulus","icumulus GLOBAL EXPRESS (Deprecated)",0,"https://www.icumulus.com/","",0,0,0,1
"idexpress","IDExpress",0,"http://www.idexpress.com.cn/","",0,0,0,0
"ids-logistics","IDS Logistics",0,"https://www.ids-logistik.de/","",1,0,0,0
"iloxx","Iloxx",0,"https://www.iloxx.de/","DE",0,0,0,0
"imexglobalsolutions","IMEX Global Solutions",0,"https://www.imexglobalsolutions.com/","",0,0,0,0
"imile","iMile",0,"https://www.imile.com/","",0,0,0,0
"iml-cn","IML Express China",0,"http://oms.imlexpress.cn/","",0,0,0,0
"imlb2c","IML Logistics",0,"https://www.imlb2c.com/","",0,0,0,0
"iml-ru","IML Russia",0,"http://iml.ru/","",0,0,0,0
"india-ocean","India Ocean",0,"http://www.yinyanginc.com/","",0,0,0,0
"in-post","India Post",1,"https://www.indiapost.gov.in","IN",0,0,0,0
"indopaket","INDOPAKET",0,"https://www.indopaket.co.id/","ID",0,0,0,0
"inexpost","INEX POST",0,"https://www.inexpost.ru/","",0,0,0,0
"inntralog","Inntralog",0,"https://www.inntralog.de/","DE",1,0,0,0
"do-post","Inposdom",1,"http://www.inposdom.gob.do/","DO",0,0,0,0
"inpost-pl","InPost",0,"https://inpost.pl/","PL",0,0,0,0
"inpost-it","InPost Italia",0,"https://inpost.it/","IT",0,0,0,0
"inpost-es","InPost Spain",0,"https://www.inpost.es/","ES",1,0,0,0
"inpost-uk","InPost UK",0,"https://inpost.co.uk/","GB",0,0,0,0
"instadispatch","Insta Dispatch",0,"https://www.instadispatch.com/","",0,0,0,0
"intelcom-express","Intelcom Express",0,"https://intelcomexpress.com/","",0,0,0,0
"intelipost","Intelipost (TMS for LATAM)",0,"https://www.intelipost.com.br/","BR",0,0,0,0
"interlink-express","Interlink Express (DPD Local)",0,"https://www.dpdlocal.co.uk/","",0,0,0,0
"internet-express","Internet Express",0,"https://www.internetexpress.co.za/","ZA",0,0,0,0
"interparcel-au","Interparcel Australia",0,"https://au.interparcel.com/","AU",0,0,0,0
"interparcel-nz","Interparcel New Zealand",0,"https://nz.interparcel.com/","NZ",0,0,0,0
"interparcel-uk","Interparcel UK",0,"https://uk.interparcel.com/","GB",0,0,0,0
"intexpress","Intexpress",0,"http://www.internetexpress.co.za","",0,0,0,0
"ve-post","Ipostel",1,"http://www.ipostel.gob.ve/","VE",0,0,0,0
"iqsgsc","IQS",0,"https://iqsgsc.com/","",0,0,0,0
"ir-post","Iran Post",1,"https://www.post.ir/","IR",0,0,0,0
"iq-post","Iraqi Post",1,"http://www.iraqipost.net/","IQ",0,0,0,0
"im-post","Isle of Man Post",1,"https://www.iompost.com/","IM",0,0,0,0
"iso-logistics","ISO Logistics",0,"https://iso-logistics.vn/","",0,0,0,0
"il-post","Israel Post",1,"https://www.israelpost.co.il/","IL",0,0,0,0
"itc-delivery","ITC Delivery",0,"https://www.itcdelivery.com/","US",0,0,0,0
"ivoy","iVoy Mensajería Express",0,"https://ivoy.mx/","MX",0,0,0,1
"jt-express-cn","J&T Express (CN)",0,"https://www.jtexpress.com.cn/","CN",0,0,0,0
"jt-express","J&T Express (Deprecated)",0,"https://www.jet-logistics.com/","",0,0,0,1
"jt-express-id","J&T Express (ID)",0,"https://www.jet.co.id/","ID",0,0,0,0
"jt-express-me","J&T Express (ME)",0,"https://www.jtexpress.me/KSA","",0,0,0,0
"jt-express-my","J&T Express (MY)",0,"https://jtexpress.my/","MY",0,0,0,0
"jt-express-ph","J&T Express (PH)",0,"https://jtexpress.ph/","PH",0,0,0,0
"jt-express-sg","J&T Express (SG)",0,"https://www.jtexpress.sg/","SG",0,0,0,0
"jt-express-th","J&T Express (TH)",0,"https://www.jtexpress.co.th/","TH",0,0,0,0
"jt-express-vn","J&T Express (VN)",0,"https://jtexpress.vn/","VN",0,0,0,0
"j-net","J-Net (Deprecated)",0,"http://www.j-net.cn/cms","",0,0,0,1
"jaldivery","Jaldivery",0,"https://www.jaldivery.com/","",0,0,0,0
"jm-post","Jamaica Post",1,"https://jamaicapost.gov.jm/","JM",0,0,0,0
"jam-express","JamExpress",0,"http://www.myjamexpress.com/","",0,0,0,0
"janco","Janco Express",0,"https://www.jancoexpress.com/","",0,0,0,0
"janio","Janio",0,"https://www.janio.asia/","",0,0,0,0
"jp-post","Japan Post",1,"http://www.post.japanpost.jp/","JP",0,0,0,0
"japo-transport","JAPO Transport",0,"https://japo-autodoprava.cz/","",0,0,0,0
"jayonexpress","Jayon Express",0,"http://jayonexpress.com/","",0,0,0,0
"jcex","JCEX",0,"http://www.jcex.com","",0,0,0,0
"jd-ex","JD Express",0,"https://www.jd-ex.com/","",0,0,0,0
"jd-global-logistics","JD GLOBAL Logistics",0,"http://www.jdwl.com/","",0,0,0,0
"jd-logistics","JD Logistics",0,"https://www.jingdonglogistics.com/","",0,0,0,0
"jd-168","JD-168",0,"http://www.jd-168.com/","",0,0,0,0
"jde-ru","JDE",0,"https://www.jde.ru/","",0,0,0,0
"jdiex","JDIEX",0,"https://www.jdiex.com/","",0,0,0,0
"jeny-xpress","JENY",0,"https://www.jenyxpress.com/","",0,0,0,0
"je-post","Jersey Post",1,"http://www.jerseypost.com/","JE",0,0,0,0
"jet-ship","Jet-Ship",0,"http://jet-ship.com/","",0,0,0,0
"jetlogistic","Jetlogistic",0,"https://www.jet-logistics.com/logistics.html","",0,0,0,0
"jetstarexp","Jetstarexp",0,"https://www.jetstarexp.cn/","",0,0,0,0
"jiachenexpress","JIACHEN INTERNATIONAL",0,"https://www.jiachenexpress.com/","",0,0,0,0
"jiayi56","Jiayi Express",0,"http://www.jiayi56.com/","CN",0,0,0,0
"jinlai","JINLAI",0,"http://www.jinlaiexpress.com/","",0,0,0,0
"jinsung","Jinsung",0,"http://jinsung-trading.com","",0,0,0,0
"jitsu","Jitsu",0,"https://tracking.gojitsu.com/","US",0,0,0,0
"szjiuz","JIUZHOU Logistics",0,"http://www.jz56-eu.com/","",0,0,0,0
"jne","JNE Express",0,"http://www.jne.co.id/","",0,0,0,1
"jocom","Jocom",0,"http://www.jocom.my/","",0,0,0,0
"joeyco","JoeyCo (Deprecated)",0,"https://www.joeyco.com/","",0,0,0,1
"joomlogistics","Joom Logistics",0,"https://joomlogistics.com/","",0,0,0,0
"jo-post","Jordan Post",1,"http://jordanpost.com.jo/","JO",0,0,0,0
"joyingbox","Joying Box",0,"https://www.joyingbox.com/","",0,0,0,0
"jpsgj","JPSGJ",0,"http://jpsgjwl.com/","",0,0,0,0
"js-exp","JS EXPRESS",0,"http://www.js-exp.com","CN",0,0,0,0
"jsh","JSH",0,"http://www.galaxy-ex.com/","",0,0,0,0
"jtex-i360express","JTEX i360express",0,"http://www.i360express.com/","",0,0,0,0
"jumppoint","Jumppoint",0,"https://tracking.jumppoint.io","CN",0,0,0,0
"jx","JX (J-Express)",0,"https://www.j-express.id/","",0,0,0,0
"jinyangcheng","JYC Jinyangcheng",0,"http://www.1hhz.com/","",0,0,0,0
"k-mestu","K-mestu",0,"http://k-mestu.ru/","",0,0,0,0
"k1-express","K1 Express",0,"http://www.kuajingyihao.com/","",0,0,0,0
"kaigenlogistics","Kaigenlogistics",0,"https://www.kaigenlogistics.com/","CN",0,0,0,0
"kangaroo-my","Kangaroo My (Deprecated)",0,"http://www.kangaroo.com.my/","",0,0,0,1
"kangu","Kangu",0,"https://www.kangu.com.br/","BR",0,0,0,0
"kz-post","KazPost",1,"https://post.kz/","KZ",0,0,0,0
"ke-post","Kenya Post",1,"http://www.posta.co.ke/","KE",0,0,0,0
"kerry-ecommerce","Kerry eCommerce",0,"https://www.kerry-ecommerce.com/","",0,0,0,0
"kerry-express-th","Kerry Express (Thailand)",0,"https://th.kerryexpress.com/","TH",0,0,0,0
"kerry-express-vn","Kerry Express (Vietnam)",0,"https://kerryexpress.com.vn/","VN",0,0,0,0
"kerry-express-hk","Kerry Express Hong Kong (TGXpress)",0,"https://hk.kerryexpress.com/","HK",0,0,0,0
"kerry","Kerry Logistics",0,"https://www.kerrylogistics.com/","",0,0,0,0
"kerry-tec","Kerry Tec",0,"https://www.kerry-tec.com/","",0,0,0,1
"kerrytj","Kerry TJ Taiwan (Formerly T-Join logistics Ltd.)",0,"https://www.kerrytj.com/","TW",0,0,0,0
"kgmhub","KGM hub",0,"http://www.kgmhub.com/","",0,0,0,0
"kiala","Kiala (UPS)",0,"https://www.kiala.com","",0,0,0,1
"kuaidaexp","King Delivery",0,"http://www.kuaidaexp.com/","",0,0,0,0
"king-kong-express","King Kong Express",0,"https://www.szkke.com/index.php","",0,0,0,0
"ki-post","Kiribati Post",1,"https://kiribati.gov.ki/services/postal","KI",0,0,0,0
"kjy","KJY",0,"http://tracking.kjy.com/","",0,0,0,0
"knuk","Knuk / KNAirlink",0,"https://knuk.tmware.co.uk/knuk/index.php","",0,0,0,0
"komon","Komon",0,"http://www.komonexpress.com/","",0,0,0,0
"kong-lok-express","Kong Lok Express",0,"http://konglok.com/","",0,0,0,0
"kr-post","Korea Post",1,"https://www.koreapost.go.kr/","KR",0,0,0,0
"krexi-international","Krexi international",0,"http://www.krexi.com/","",0,0,0,0
"kuajing-line","KuaJing Line",0,"http://www.kuajingline56.com/","",0,0,0,0
"ky-express","KuaYue Express",0,"http://www.ky-express.com/","",0,0,0,0
"kuehne-nagel","Kuehne + Nagel",0,"https://home.kuehne-nagel.com/","",0,0,0,0
"kurasi","Kurasi",0,"https://www.kurasi.co.id/","",0,0,0,0
"kw-post","Kuwait Post",1,"http://www.moc.gov.kw/post1/index.htm","KW",0,0,0,0
"kintetsu-world-express","KWE - Kintetsu World Express, Inc.",0,"https://www.kwe.com","",0,0,0,0
"kwt","KWT",0,"http://www.kwt56.com/","",0,0,0,0
"kylin-express","Kylin Express",0,"https://www.qlinyun.com/","",0,0,0,0
"kg-post-kep","Kyrgyz Express Post",1,"https://www.kep.kg/","KG",0,0,0,1
"kg-post","Kyrgyz Post",1,"https://kyrgyzpost.kg/","KG",0,0,0,0
"lahuoex","La Huo Express",0,"http://www.lahuoex.com/","",0,0,0,0
"fr-post","La Poste",1,"http://www.laposte.fr/","FR",0,0,0,0
"ad-post-la-poste","La Poste (Andorra)",1,"https://www.laposte.fr/","AD",0,0,0,0
"mc-post","La Poste (Monaco)",1,"http://www.lapostemonaco.mc/","MC",0,0,0,0
"bl-post","La Poste (Saint Barthélemy)",1,"https://www.laposte.fr/","BL",0,0,0,0
"mf-post","La Poste (Saint-Martin)",1,"https://www.laposte.fr/","MF",0,0,0,0
"bj-post","La Poste Bénin",1,"https://laposte.bj/","BJ",0,0,0,0
"cf-post","La Poste Centrafricaine",1,"http://laposte.cf/","CF",0,0,0,0
"ci-post","La Poste de Côte d'Ivoire",1,"http://laposte.ci","CI",0,0,0,0
"gf-post","La Poste de Guyane",1,"https://www.laposte.fr/","GF",0,0,0,0
"yt-post","La Poste de Mayotte",1,"https://www.laposte.fr/","YT",0,0,0,0
"ml-post","La Poste du Mali",1,"https://www.laposte.ml/","ML",0,0,0,0
"tg-post","La Poste du Togo",1,"https://www.laposte.tg/","TG",0,0,0,0
"mq-post","La Poste Martinique",1,"https://www.laposte.fr/","MQ",0,0,0,0
"re-post","La Poste Réunion",1,"https://www.laposte.fr/","RE",0,0,0,0
"sn-post","La Poste Senegal",1,"http://www.laposte.sn/","SN",0,0,0,0
"tn-post","La Poste Tunisienne",1,"http://www.poste.tn/","TN",0,0,0,0
"landmark-global","Landmark Global",0,"http://landmarkglobal.com/","",0,0,0,0
"imxmail","Landmark Global (formerly IMX)",0,"https://landmarkglobal.com/eu/en/imx/","",0,0,0,0
"la-post","Lao Post",1,"http://www.laopostvte.com","LA",0,0,0,0
"lasership","Lasership",0,"http://www.lasership.com/","",0,0,0,0
"lv-post","Latvijas Pasts (Latvia Post)",1,"https://www.pasts.lv/","LV",0,0,0,0
"lazada-elogistics","Lazada Elogistics (LEL)",0,"https://tracker.lel.asia/","",0,0,0,0
"lbc-express","LBC Express",0,"https://www.lbcexpress.com/","",0,0,0,0
"leda-express","LD Express",0,"http://www.leda-express.com/","",0,0,0,0
"ldxpress","LDXpress",0,"http://www.ldxpress.com/","CN",0,0,0,0
"leader","LEADER",0,"https://www.leader609.com/","CN",0,0,0,0
"ledii","Ledii",0,"http://ledii.itdida.com/itdida-flash/website/landing","CN",0,0,0,0
"legion-express","Legion Express",0,"https://legionexp.com/","",0,0,0,0
"leiyi-international-logistics","LeiYi international logistics",0,"http://www.ly-b2c.com/","",0,0,0,0
"leopardschina","Leopards Express",0,"http://www.leopardschina.com/","CN",0,0,0,0
"ls-post","Lesotho Post",1,,"LS",0,0,0,0
"letter-track","LetterTrack",0,"https://www.letter-track.com/","US",0,0,0,0
"lex-express","LEX Express",0,"http://www.xdlex.com/","",0,0,0,0
"lexship","LEXSHIP",0,"https://www.lexship.com/","",0,0,0,0
"lf-express","LF Express",0,"https://lf-express.com/","",0,0,0,0
"lhg","LHG",0,"http://www.lianhegj56.com/","",0,0,0,0
"lht-express","LHT Express",0,"http://www.lht-express.com/","CN",0,0,0,0
"lhtex","LHT Express (CN)",0,"http://www.lhtex.com.cn/","CN",0,0,0,0
"libang-logistics","LiBang Logistics",0,"http://www.lbexps.com/","",0,0,0,0
"lb-post","LibanPost",1,"https://www.libanpost.com/","LB",0,0,0,0
"lr-post","Liberia Post",1,"http://www.mopt.gov.lr/cgi-sys/suspendedpage.cgi","LR",0,0,0,0
"ly-post","Libya Post",1,"https://libyapost.ly/en/","LY",0,0,0,0
"liccardi-express-courier","LICCARDI Express Courier",0,"https://www.liccarditrasporti.com/","",0,0,0,0
"li-post","Liechtenstein Post",1,"https://www.post.li/privatkunden/","LI",0,0,0,0
"lt-post","Lietuvos Pastas",1,"http://www.post.lt/","LT",0,0,0,0
"line-clear","Line Clear",0,"https://lineclearexpress.com/my/tracking-mobile/","MY",0,0,0,0
"line-1","Line-1 International Express",0,"http://www.line-1.com.au/","AU",0,0,0,0
"lineclearexpress","Lineclear Express",0,"https://www.lineclearexpress.com/","",0,0,0,0
"linex-solutions","Linex",0,"https://www.linexsolutions.com/","",0,0,0,0
"lingsong","LingSong",0,"http://www.lingsong.cn/","",0,0,0,0
"lingxun-logistics","LingXun Logistics",0,"http://www.lingxun.top/","",0,0,0,0
"linkbridge","Link Bridge",0,"http://www.link-bridge.com.cn","",0,0,0,0
"lion-parcel","Lion Parcel",0,"http://www.lionexpress.co.id/","",0,0,0,0
"bt-exp","LJS",0,"http://www.bt-exp.com/","",0,0,0,0
"lm-parcel","LMSY",0,"https://www.lmparcel.com/","",0,0,0,0
"loggi","Loggi",0,"https://www.loggi.com","BR",0,0,0,0
"loghistes","Loghistes",0,"https://loghistes.it/servizi/","IT",0,0,0,0
"logisters","Logisters",0,"http://www.logisters.com/","",0,0,0,0
"logistika","Logistika",0,"https://logistika.com.my/","",0,0,0,0
"logistiq","Logistiq",0,"https://logistiq.io/","SA",0,0,0,0
"lonestar","Lone Star Overnight",0,"https://www.lso.com/","",0,0,0,0
"longcps","LONGCPS",0,"http://www.longcps.com/index.aspx","",0,0,0,0
"lookway","Lookway",0,,"",0,0,0,0
"loomis-express","Loomis Express",0,"https://www.loomisexpress.com/","",0,0,0,0
"lotte-global-logistics","Lotte Global Logistics",0,"https://www.lotteglogis.com/","",0,0,0,0
"lpexpress","LP Express",0,"https://www.lpexpress.lt/en/home/","LT",0,0,0,0
"ltexp","LTEXP",0,"http://www.ltexp.com.cn/","",0,0,0,0
"ltianexp","LTIAN EXP",0,"http://www.ltianexp.com/","",0,0,0,0
"lubang56","LuBang56",0,"http://www.lubang56.com.cn/","",0,0,0,0
"lukmebel","Lukmebel",0,"https://lukmebel.pl/","PL",0,0,0,0
"ntlsgj","LvSe International",0,"http://www.ntlsgj.com/","",0,0,0,0
"lwe","LWE",0,"https://www.lwe.asia/tracking/track","",0,0,0,0
"lyve-global","Lyve (Formally One click delivery services)",0,"https://lyveglobal.com/","",0,0,0,0
"m-xpress","M Xpress",0,"http://www.mxpress2u.com","",0,0,0,0
"mx-cargo","M&X Cargo Internation Shipping Agency",0,"http://www.mx-56.com/en/","",0,0,0,0
"madhur-couriers","Madhur Couriers",0,"https://www.madhurcouriers.in/","IN",0,0,0,0
"madrooex","Madrooex",0,"http://www.madrooex.com/","",0,0,0,0
"maersk","Maersk",0,"https://www.maersk.com/","",0,0,0,0
"magyar-posta","Magyar Posta",1,"https://www.posta.hu/","HU",0,0,0,0
"hu-post","Magyar Posta (Hungary Post)",1,"http://www.posta.hu","HU",0,0,0,0
"mbe","Mail Boxed Etc",0,"https://www.mbe.es/","ES",0,0,0,0
"mailamericas","MailAmericas",0,"https://mailamericas.com/","",0,0,0,0
"mailplus","mailplus Australia",0,"https://mailplus.com.au/","AU",0,0,0,0
"mainfreight","Mainfreight",0,"http://www.mainfreight.com","",0,0,0,0
"mainway-logistics","Mainway Logistics",0,"https://www.mainwaylogistics.com/","",0,0,0,0
"make-fly","Make Fly",0,"http://www.mkf56.com","",0,0,0,0
"mw-post","Malawi Posts Corporation",1,"http://malawiposts.com/","MW",0,0,0,0
"mv-post","Maldives Post",1,"https://www.maldivespost.com/","MV",0,0,0,0
"mt-post","Malta Post",1,"https://www.maltapost.com/","MT",0,0,0,0
"maratrack","Maratrack",0,"http://www.worldwide-logistics.cn","CN",0,0,0,0
"matdespatch","Matdespatch",0,"https://www.matdespatch.com/","",0,0,0,0
"matkahuolto","Matkahuolto",0,"https://www.matkahuolto.fi/","",0,0,0,0
"mr-post","Mauripost",1,,"MR",0,0,0,0
"mu-post","Mauritius Post",1,"https://www.mauritiuspost.mu/","MU",0,0,0,0
"maxway","Maxway Logistics",0,"http://www.maxway-logistics.com","CN",0,0,0,0
"mazet","Mazet",0,"https://www.mazet.com/en/accueil-english/","FR",0,0,1,0
"mbw-courier","MBW COURIER INC.",0,"https://www.mbwcourier.ca/","CA",0,0,0,0
"mctrans","MCTrans",0,"http://www1.mctransexpress.cn/","",0,0,0,0
"mebel-taxi","MebelTaxi",0,"https://mebel-taxi.pl/","PL",0,0,0,0
"meest-group","Meest Group",0,"http://meest-group.com/","",0,0,0,0
"megasave","Megasave (Deprecated)",0,"https://megasave.live/","",0,0,0,1
"melhor-envio","Melhor Envio",0,"https://melhorenvio.com.br/","BR",0,0,0,0
"method-logistics","Method Logistics",0,"https://method-logistics.com/","ES",1,0,0,0
"redpack-mx","Mexico Redpack",0,"https://www.redpack.com.mx/","",0,0,0,0
"mglobal","Mglobal",0,"http://www.mglobalgroup.co.id/","",0,0,0,0
"mhsy88","Mhsy88",0,"http://www.mhsy88.com/","",0,0,0,0
"micro-express","Micro Express",0,"http://api.mircoexpress.com/","",0,0,0,0
"fm-post","Micronesia Post",1,"https://post.gov.fm/","FM",0,0,0,0
"mikropakket-be","Mikropakket Belgium",0,"https://www.mikropakket.be/","BE",0,0,0,0
"mikropakket-nl","Mikropakket Netherlands",0,"https://www.mikropakket.nl/","NL",0,0,0,0
"milkman","Milkman Technologies",0,"https://www.milkmantechnologies.com/","",0,0,0,0
"mingzhi","Mingzhi",0,"http://www.mz56.com/","",0,0,0,0
"mirjan24","Mirjan 24",0,"https://www.mirjan24.com/","PL",0,0,0,0
"miuson","MIUSON",0,"http://www.miuson.net/","",0,0,0,0
"mm-logi","MM-logi",0,"http://www.mm-logi.com/","",0,0,0,0
"mobly","Mobly",0,"https://www.mobly.com.br/","BR",0,0,0,0
"mondialrelay","Mondial Relay",0,"https://www.mondialrelay.com/","",1,0,0,0
"mn-post","Mongol Post",1,"http://www.mongolpost.mn/","MN",0,0,0,0
"morelink","Morelink",0,"https://client.morelink56.com/","",0,0,0,0
"morning-express","Morning Express",0,"https://www.mechk.com/","",0,0,0,0
"morninglobal","Morning Global",0,"https://www.morninglobal.com/","CN",0,0,0,0
"movexpk","MOVE Express & Logistics (MOVEX)",0,"https://www.movexpk.com/","",0,0,0,0
"mm-post","MPT (Myanmar Post)",1,"https://www.mpt.com.mm/dome-pyan-next/my-at-min/","MM",0,0,0,0
"mrw","MRW",0,"http://www.mrw.es/","",0,0,0,0
"msd","MSD Mosuda",0,"http://www.mosuda.com/","",0,0,0,0
"multrans-logistics","Multrans Logistics",0,"https://portal.multransglobalmail.com/tracking/","",0,0,0,0
"mx-m-trust","MX M-Trust International",0,"http://www.mxe56.com/","",0,0,0,0
"mxe","MXE (Miaoxin Express)",0,"http://www.mxe56.com","",0,0,0,0
"myd-service","MYD Manage Your Delivery",0,"http://www.mydservice.cn/","",0,0,0,0
"myib","MyIB",0,"http://www.myib.com","CN",0,0,0,0
"mylerz","Mylerz",0,"https://mylerz.net/trackShipment","",0,0,0,0
"mypostonline","Mypostonline",0,"http://qsm.mypostonline.com.cn/index.php","",0,0,0,0
"nacex","Nacex Spain",0,"http://nacex.es/","",1,0,0,0
"na-post","Namibia Post",1,"https://www.nampost.com.na/","NA",0,0,0,0
"nanjingwoyuan","Nanjingwoyuan",0,"http://www.nanjingwoyuan.com/","",0,0,0,0
"naqel","Naqel Express",0,"https://www.naqelexpress.com/","",0,0,0,0
"national-sameday","National Sameday",0,"http://www.nationalsameday.com/","",0,0,0,0
"nationex","Nationex",0,"https://www.nationex.com/","",0,0,0,0
"nationwide-my","Nationwide Express",0,"http://www.nationwide2u.com","",0,0,0,0
"nr-post","Nauru Post",1,"https://www.naurupost.nr/","NR",0,0,0,0
"np-post","Nepal Post",1,"http://www.gpo.gov.np/","NP",0,0,0,0
"nz-post","New Zealand Post",1,"http://www.nzpost.co.nz/","NZ",0,0,0,0
"nu-post","New Zealand Post (Niue)",1,"https://www.nzpost.co.nz/","NU",0,0,0,0
"tk-post","New Zealand Post (Tokelau)",1,"https://www.nzpost.co.nz/","TK",0,0,0,0
"neway-transport","NEWAY Transport",0,"https://newaytransport.com/","",0,0,0,0
"newegg-express","Newegg Express",0,"https://www.neweggexpress.com/","",0,0,0,0
"newgistics","Newgistics",0,"http://www.newgistics.com/","",0,0,0,0
"newzealand-couriers","Newzealand Couriers",0,"https://www.nzcouriers.co.nz/","",0,0,0,0
"nexive","Nexive (TNT)",0,"https://www.nexive.it/","",0,0,0,0
"nextsmartship","nextsmartship",0,"https://fulfill.nextsmartship.com/track","",0,0,0,0
"nhans-solutions","Nhans Solutions",0,"http://nhans-solutions.com/","",0,0,0,0
"ntlogistics-vn","NHAT TIN Logistics",0,"https://www.ntlogistics.vn/","",0,0,0,0
"ne-post","Niger Poste",1,"http://www.nigerposte.ne/","NE",0,0,0,0
"nightline","Nightline",0,"http://www.nightline.ie","",0,0,0,0
"nim-express","Nim Express",0,"https://www.nimexpress.com","",0,0,0,0
"nimbus-post","Nimbus Post",0,"https://nimbuspost.com/","IN",0,0,0,0
"ninjavan","Ninjavan",0,"http://ninjavan.sg/","",0,0,0,0
"ninjavan-id","Ninjavan (Indonesia)",0,"https://www.ninjaxpress.co/id-id","ID",0,0,0,0
"ninjavan-my","Ninjavan (Malaysia)",0,"https://www.ninjavan.co/en-my","MY",0,0,0,0
"ninjavan-ph","Ninjavan (Philippines)",0,"https://www.ninjavan.co/en-ph","PH",0,0,0,0
"ninjavan-sg","Ninjavan (Singapore)",0,"https://www.ninjavan.co/en-sg","SG",0,0,0,0
"ninjavan-th","Ninjavan (Thailand)",0,"https://www.ninjavan.co/th-th","TH",0,0,0,0
"ninjavan-vn","Ninjavan (Viet Nam)",0,"https://www.ninjavan.co/vi-vn","VN",0,0,0,0
"ng-post","NiPost",1,"http://www.emsng.com/","NG",0,0,0,0
"nipost-netpost","NiPost (NETPOST)",1,"https://logistics.netpostpay.com/netpost/Track","NG",0,0,0,0
"nippon-express","NIPPON EXPRESS",0,"https://www.nipponexpress.com/","",0,0,0,0
"nobordist","Nobordist",0,"https://www.nobordist.com/","",0,0,0,0
"norsk-global","Norsk Global",0,"https://norsk.global/track-and-trace.html","",0,0,0,0
"mk-post","North Macedonia Post",1,"https://posta.com.mk/","MK",0,0,0,0
"nova-poshta","Nova Poshta",0,"https://novaposhta.ua/","UA",0,0,0,0
"nova-poshta-global","Nova Poshta Global",0,"https://novaposhtaglobal.ua/en/","",0,0,0,0
"nox-night-time-express","NOX",0,"https://www.nox-nachtexpress.de/","",0,0,0,0
"ntl-trans","NTL Trans",0,"https://ntl-trans.com","",0,0,0,0
"nuo","NUO Seanline international",0,"http://www.nuo56.com/","",0,0,0,0
"oca-ar","OCA Argentina",0,"http://www.oca.com.ar/","",0,0,0,0
"ocolchonespack","Ocolchonespack",0,"https://ocolchonespack.com/home.php","MX",0,0,0,0
"ocs","OCS ANA Group",0,"http://ocs-india.in/eng/","",0,0,0,0
"ocs-express","OCS Express",0,"http://www.ocschina.com/","CN",0,0,0,0
"ocs-worldwide","OCS Worldwide",0,"https://www.ocsworldwide.co.uk/","GB",0,0,0,0
"odm-express","ODM Express",0,"https://odmexpress.com.mx","",0,0,0,0
"office-works","Office Works",0,"https://www.officeworks.com.au/","AU",0,0,0,0
"oggyl","Oggy (Oguan Supply Chain)",0,"http://www.oggyl.com/","",0,0,0,0
"om-post","Oman Post",1,"https://omanpost.om/","OM",0,0,0,0
"omni2","Omni2",0,"https://omni2.cn/#","CN",0,0,0,0
"omniparcel","Omniparcel",0,"http://track.omniparcel.com/","",0,0,0,0
"ee-post","Omniva",1,"https://www.omniva.ee/eng","EE",0,0,0,0
"omniva-post11","Omniva (Post11)",0,"http://www.post11.com/","",0,0,0,0
"one-by-allegro","One By Allegro",0,"https://onedelivery.cz/","CZ",0,0,0,0
"oneworldexpress","One World Express",0,"http://www.oneworldexpress.com/","",0,0,0,0
"ontime","Ontime",0,"https://ontime.es/","",0,0,0,0
"ontrac","OnTrac",0,"https://www.ontrac.com","",0,0,0,0
"oopston","OOPSTON",0,"https://www.oopston.com/","",0,0,0,0
"opek","Opek (FedEx Poland)",0,"http://www.fedex.com/pl/","PL",0,0,0,1
"gn-post","OPG (La Poste Guinéenne)",1,"http://www.laposteguineenne.post/","GN",0,0,0,0
"pf-post","OPT (French Polynesia Post)",1,"https://www.opt.pf/","PF",0,0,0,0
"nc-post","OPT (New Caledonia Post)",1,"http://www.opt.nc/","NC",0,0,0,0
"optima-overnight","Optima Overnight",0,"https://www.shipoptima.com/","US",0,0,0,0
"orange-connex","Orange Connex",0,"https://www.orangeconnex.com/","",0,0,0,0
"orange-ds","OrangeDS",0,"https://orangedsinc.com/","",0,0,0,0
"osm-worldwide","OSM Worldwide",0,"https://www.osmworldwide.com/","",0,0,0,0
"at-post","Osterreichische Post (Austrian Post)",1,"https://www.post.at/","AT",0,0,0,0
"ou-jie","OU JIE",0,"http://www.ojexpress.cn/","",0,0,0,0
"overseas-hr","Overseas Express",0,"https://overseas.hr/hr/","",0,0,0,0
"overseas-logistics","Overseas Logistics",0,"http://www.overseaslogistics.in/tracking.aspx","IN",0,0,0,0
"oyxgj","OYXGJ",0,"http://www.gdoyx.net/","",0,0,0,0
"p2p-mailing","P2P Mailing",0,"https://www.fedex.com/en-gb/home.html","",0,0,0,0
"paack","Paack",0,"https://paack.co/","",1,0,0,0
"packeta","Packeta",0,"https://www.packeta.com/","",0,0,0,0
"packlink","Packlink",0,"https://www.packlink.es/","",0,0,0,0
"packs","Packs",0,"https://www.packs.nl/","NL",1,0,0,0
"pago","Pago Logistics",0,"http://www.szpago.com/","",0,0,0,0
"pk-post","Pakistan Post",1,"http://www.pakpost.gov.pk/","PK",0,0,0,0
"pal-express","PAL Express",0,"http://www.palexpress.com.hk/","",0,0,0,0
"pw-post","Palau Postal service",1,"http://www.palaupost.pw/about.aspx","PW",0,0,0,0
"ps-post","Palestine Post",1,"https://www.palpost.ps/cgi-sys/suspendedpage.cgi","PS",0,0,0,0
"palletforce","Palletforce",0,"https://www.palletforce.com/","GB",1,0,0,0
"palletways","Palletways",0,"https://www.palletways.com/","",1,0,0,0
"pan-asia","Pan-Asia International",0,"http://www.panasiachina.com","",0,0,0,0
"pa-post","Panama Post",1,"http://www.correospanama.gob.pa/","PA",0,0,0,0
"pandulogistics","Pandu Logistics",0,"http://pandulogistics.com/","",0,0,0,0
"panther-logistics","Panther Logistics",0,"https://panthergroup.co.uk/","",0,0,0,0
"mg-post","Paositra Malagasy",1,"https://paositramalagasy.mg/","MG",0,0,0,0
"paper-express","PaperExpress",0,"https://paper-express.nl/","",0,0,0,0
"paperfly","Paperfly Private Limited",0,"https://www.paperfly.com.bd/","",0,0,0,0
"tresguerras-mx","Paquetería Tresguerras",0,"https://tresguerras.com.mx/","MX",0,0,0,0
"paquetexpress","Paquetexpress",0,"http://www.paquetexpress.com.mx/","",0,0,0,0
"parcel-one","PARCEL ONE",0,"https://parcel.one/","",1,0,0,0
"parcel-to-post","Parcel To Post",0,"http://parceltopost.com/","",0,0,0,0
"parcel2go","Parcel2Go",0,"https://www.parcel2go.com","",0,0,0,0
"parcelhub","parcelhub (Whistl)",0,"https://www.parcelhub.co.uk/","",0,0,0,0
"parceljet","Parceljet",0,"http://www.parceljet.com/","",0,0,0,0
"parcelled-in","Parcelled In",0,"http://parcelled.in/","",0,0,0,0
"parcelpoint","Parcelpoint",0,"https://parcelpoint.com.au","",0,0,0,0
"parcelport-nz","Parcelport",0,"https://www.parcelport.co.nz/","NZ",0,0,0,0
"parcelpost-sg","Parcelpost Sg",0,"http://www.parcelpost.com.sg/","",0,0,0,1
"pargo","Pargo",0,"https://pargo.co.za/","ZA",0,0,0,0
"park-n-parcel","Park N Parcel",0,"https://delivery.parknparcel.com/","",0,0,0,0
"passtheparcel","Pass The Parcel",0,"https://www.passtheparcel.co.nz/","",0,0,0,0
"passport","Passport",0,"https://passportshipping.com/","",0,0,0,0
"ppbyb","PayPal Package (Ppbyb)",0,"http://www.ppbyb.com/","",0,0,0,0
"pca","PCA",0,"http://www.pcaexpress.com.au","AU",0,0,0,0
"pcfcorp","PCF Corp - Final Mile",0,"https://pcfcorp.com/","",0,0,0,0
"pds-direct","PDS Direct",0,"https://www.pdsdirect.co.uk/","GB",0,0,0,0
"pekaes","Pekaes",0,"https://strefaklienta.pekaes.geodis.pl/en/","PL",0,0,0,0
"pfc-express","PFC Express",0,"http://www.pfcexpress.com/","",0,0,0,0
"pflogistics","PFLogistics",0,"http://www.pflogistics.com.au/","AU",0,0,0,0
"ph-post","PHLPost (Philippine Post)",1,"https://www.phlpost.gov.ph","PH",0,0,0,0
"pickrr","Pickrr",0,"https://www.pickrr.com/","",0,0,0,0
"pickupp","Pickupp (HK)",0,"https://hk.pickupp.io/","",0,0,0,0
"pickupp-my","Pickupp (MY)",0,"https://my.pickupp.io/","",0,0,0,0
"pickupp-sg","Pickupp (SG)",0,"https://sg.pickupp.io/","",0,0,0,0
"pidge","Pidge",0,"https://www.pidge.in/","IN",0,0,0,0
"pil-logistics","pillogistics",0,"https://www.pillogistics.com/","",0,0,0,0
"pilot-freight-services","Pilot Freight",0,"http://www.pilotdelivers.com/","",0,0,0,0
"pitney-bowes","Pitney Bowes",0,"https://www.pitneybowes.com","",0,0,0,0
"pitt-ohio","PITT OHIO",0,"https://pittohio.com/","",0,0,0,0
"planzer","Planzer Group",0,"https://www.planzer.ch/","",0,0,0,0
"pl-post","Poczta Polska",1,"http://www.poczta-polska.pl/","PL",0,0,0,0
"pocztex","Pocztex",0,"https://www.pocztex.pl/en/for-you/","PL",0,0,0,0
"polarexpress","Polar Express",0,"https://www.polarexpress.com.au/","",0,0,0,0
"pony-express","Pony Express",0,"https://www.ponyexpress.ru/","",0,0,0,0
"aq-post","Port Lockroy post office",1,,"AQ",0,0,0,0
"id-post","Pos Indonesia",1,"https://www.posindonesia.co.id/id","ID",0,0,0,0
"my-post","Pos Malaysia",1,"https://www.pos.com.my/","MY",0,0,0,0
"poslaju","PosLaju",0,"https://www.pos.com.my/","MY",0,0,0,0
"aw-post","Post Aruba",1,"https://www.postaruba.com/","AW",0,0,0,0
"fj-post","Post Fiji",1,"https://www.postfiji.com.fj/","FJ",0,0,0,0
"post-haste","Post Haste",0,"https://www.posthaste.co.nz/","",0,0,0,0
"lu-post","Post Luxembourg",1,"https://www.post.lu/","LU",0,0,0,0
"postone","Post One",0,"https://postone.eu","BG",0,0,0,0
"pg-post","Post PNG",1,"http://www.postpng.com.pg/","PG",0,0,0,0
"post56","Post56",0,"http://www.post56.cn/","",0,0,0,0
"fo-post","Posta (Faroe Post)",1,"https://www.posta.fo/","FO",0,0,0,0
"me-post","Posta Crne Gore",1,"http://www.postacg.me/","ME",0,0,0,0
"md-post","Posta Moldovei",1,"http://www.posta.md/","MD",0,0,0,0
"postaplus","Posta Plus",0,"http://www.postaplus.com/","",0,0,0,0
"ro-post","Posta Romana",1,"https://www.posta-romana.ro","RO",0,0,0,0
"al-post","Posta Shqiptare (Albania Post)",1,"http://www.postashqiptare.al/","AL",0,0,0,0
"si-post","Posta Slovenije (Slovenia Post)",1,"http://www.posta.si/","SI",0,0,0,0
"rs-post","Pošta Srbije (Serbia Post)",1,"https://posta.rs/","RS",0,0,0,0
"ba-post-postesrpske","Pošta Srpske",1,"https://www.postesrpske.com/","BA",0,0,0,0
"ug-post","Posta Uganda",1,"http://www.ugapost.co.ug/","UG",0,0,0,0
"sx-post","Postal Services St. Maarten N.V.",1,"https://www.usps.com","SX",0,0,0,0
"youban","Postal State International",0,"http://www.youban.de/","DE",0,0,0,0
"it-post","Poste italiane (Post of Italy)",1,"http://www.poste.it/","IT",0,0,0,0
"ma-post","Poste Maroc",1,"http://www.poste.ma/","MA",0,0,0,0
"eh-post","Poste Maroc (Western Sahara)",1,,"EH",0,0,0,0
"sm-post","Poste San Marino",1,"https://www.poste.sm/on-line/home.html","SM",0,0,0,0
"bv-post","Posten (Norway Post)",1,"https://www.posten.no/","BV",0,0,0,0
"no-post","Posten Norge (Norway Post)",1,"https://www.posten.no/","NO",0,0,0,0
"fi-post","Posti",1,"http://www.posti.fi/","FI",0,0,0,0
"nl-post","PostNL",1,"https://postnl.post","NL",1,1,0,0
"nl-post-int","PostNL International",1,"https://postnl.post","NL",1,1,0,0
"dk-post","PostNord Denmark (Post)",1,"https://www.postnord.dk/","DK",0,0,0,0
"postnord-fi","PostNord Finland",0,"https://www.postnord.fi/","FI",0,0,0,0
"postnord","PostNord Logistics International",0,"https://www.postnord.com/","",0,0,0,0
"postnord-no","PostNord Norway",0,"https://www.postnord.no/","NO",0,0,0,0
"se-post","PostNord Sweden (Post)",1,"https://www.postnord.se/","SE",0,0,0,0
"post-plus","PostPlus",0,"http://www.post-plus.net/","",0,0,0,0
"is-post","Posturinn",1,"http://www.postur.is/","IS",0,0,0,0
"ppl-cz","PPL CZ (Professional Parcel Logistic)",0,"https://www.ppl.cz/","CZ",0,0,0,0
"pressio-de","Pressio (DE)",0,"http://pressiode.de/sendungsverfolgung","",0,0,0,0
"the-professional-couriers","Professional Couriers",0,"http://tpcglobe.com/","",0,0,0,0
"promed-delivery","PROMED Delivery, Inc.",0,"http://www.promeddelivery.com/","",0,0,0,0
"primamulticipta","PT Prima Multi Cipta",0,"https://primamulticipta.co.id/","ID",0,0,0,0
"pts-worldwide-express","PTS Worldwide Express",0,"http://pts.net/","",0,0,0,0
"tr-post","PTT Posta (Turkish Post)",1,"http://www.ptt.gov.tr/","TR",0,0,0,0
"pr-post","Puerto Rico Post",1,"https://www.usps.com/","PR",0,0,0,0
"purolator","Purolator",0,"http://www.purolator.com/","",0,0,0,0
"purolator-international","Purolator International",0,"https://www.purolatorinternational.com/","CA",0,0,0,0
"pushpak-courier","Pushpak Courier",0,"https://www.pushpakcourier.net/index.html","IN",0,0,0,0
"py-express","PY Express",0,"http://www.py-express.net/","",0,0,0,0
"qa-post","Qatar Post (Q-Post)",1,"https://qatarpost.qa/home","QA",0,0,0,0
"qfl-expres","QFL Expres",0,"http://www.szqfsy.wang/","",0,0,0,0
"qhxyyg","Qhxyyg",0,"http://www.qhxyyg.com/","CN",0,0,0,0
"qianliniao","QLN Qianliniao",0,"https://www.qianliniao.com/","",0,0,0,0
"qualitypost","Qualitypost",0,"https://www.qualitypost.com.mx/","",0,0,0,0
"quantium-solutions","Quantium Solutions",0,"http://quantiumsolutions.com/hk-tc/","",0,0,0,0
"quickway","Quickway",0,"http://www.quickway-sc.com/","",0,0,0,0
"quikenmx","QuikenMx",0,"https://quiken.mx/","",0,0,0,0
"qwintry-logstics","Qwintry Logistics",0,"https://logistics.qwintry.com/","",0,0,0,0
"qyexp","QYEXP",0,"http://www.qyexp.cn/","",0,0,0,0
"qysc","QYSC",0,"https://www.szquanyikj.com/","",0,0,0,0
"qyun-express","Qyun Express",0,"http://www.qyunexpress.com/","",0,0,0,0
"rl-carriers","R+L Carriers",0,"http://www.rlcarriers.com/","",0,0,0,0
"raben-group","Raben Group",0,"https://www.raben-group.com/","",0,0,0,0
"raf","RAF",0,"http://www.raf.ph/","",0,0,0,0
"raiderex","Raiderex",0,"http://raiderex.com/","",0,0,0,0
"ram-za","RAM group Southern Africa",0,"https://www.ram.co.za/","ZA",0,0,0,0
"rcl","RCL",0,"https://www.rcl.co.id","",0,0,0,0
"rct","RCT Run Cheng Tong",0,"http://www.rct56.com/","",0,0,0,0
"redbox-mv","Redbox Logistics (Maldives)",0,"https://www.redbox.mv/","MV",0,0,0,0
"redchains","RedC",0,"https://www.redchains.cc/","CN",0,0,0,0
"usf-reddaway","Reddaway (Deprecated)",0,"https://reddawayregional.com/","",0,0,0,1
"redur-es","REDUR",0,"http://www.redur.es/","",0,0,0,0
"relais-colis","Relais Colis",0,"https://www.relaiscolis.com/","FR",0,0,0,0
"relay-express","Relay Express",0,"https://www.relayexpress.in/","IN",0,0,0,0
"renrenex","Renrenex",0,"http://www.renrenex.com/","",0,0,0,0
"rhenus","Rhenus",0,"https://www.rhenus.group/","",1,0,0,0
"rhenus-es","Rhenus ES",0,"https://www.rhenus.group/es/en/","ES",0,0,0,0
"rincos","RINCOS",0,"http://www.rincos.co.kr/","",0,0,0,0
"rivo","Rivo",0,"https://www.rivolution.com/","",0,0,0,0
"roadbull","Roadbull",0,"https://roadbull.com/","",0,0,0,0
"roadie","Roadie",0,"https://www.roadie.com/","",0,0,0,0
"roadrunner-freight","Roadrunner Freight",0,"https://freight.rrts.com/","",0,0,0,0
"rocketparcel","Rocket Parcel",0,"http://www.rocketparcel.com/","",0,0,0,0
"gi-post","Royal Gibraltar",1,"https://post.gi/","GI",0,0,0,0
"royal-international","Royal International",0,"http://www.royal-international.cc/","",0,0,0,0
"gb-post","Royal Mail",1,"https://www.royalmail.com","GB",0,0,0,0
"royal-shipments","Royal Shipments",0,"https://royalshipments.com","",0,0,0,0
"rpd2man","RPD2 man",0,"http://rpd2man.com/","",0,0,0,0
"rpx-id","RPX Indonesia",0,"https://rpx.co.id/","ID",0,0,0,0
"rpx-logistics","RPX Logistics",0,"http://www.rpxlogistics.ca/","",0,0,0,0
"rpxonline","RPX Online",0,"http://www.rpxonline.com/","",0,0,0,0
"rr-donnelley","RR Donnelley",0,"https://www.rrd.com/","",0,0,0,0
"rrs-logistics","RRS Logistics",0,"https://www.rrswl.com/","",0,0,0,0
"runforint","Run For Int",0,"http://www.runforint.com/","",0,0,0,0
"runbai","Runbai",0,"http://www.runbail.com/","",0,0,0,0
"runner-express","Runner Express",0,"http://runnerexpress.co.il/","",0,0,0,0
"ru-post","Russian Post",1,"https://www.pochta.ru/","RU",0,0,0,0
"ruston","Ruston",0,"http://www.ruston.cc","",0,0,0,0
"rw-post","Rwanda Post",1,"http://i-posita.rw/","RW",0,0,0,0
"rzy-express","Rzy Express",0,"http://rzyexpress.com.sg/","",0,0,0,0
"saee","SAEE (Saudi Arabia)",0,"https://www.saee.sa/","SA",0,0,0,0
"safexpress","SAFEXPRESS",0,"http://www.safexpress.com/","",0,0,0,0
"safly","SaFly",0,"http://www.safly.net/","",0,0,0,0
"sagawa","Sagawa Global",0,"https://www.sgh-globalj.com/","",0,0,0,0
"sagawa-jp","Sagawa Japan",0,"https://www.sagawa-exp.co.jp/","JP",0,0,0,0
"sai-cheng-logistics","Sai Cheng Logistics",0,"http://www.saichenglogistics.com/","",0,0,0,0
"saia","Saia LTL Freight",0,"https://www.saia.com/","",0,0,0,0
"sailpost","Sailpost",0,"http://www.sailpost.it/?q=tracker","",0,0,0,0
"sl-post","Salpost",1,"https://mic.gov.sl/dotnetnuke/About-Us/Departments-and-Agencies/SALPOST","SL",0,0,0,0
"sama-logistica","Sama Logistica",0,"https://samalogistica.es/","ES",0,0,0,0
"sameday-bg","SAMEDAY (BG)",0,"https://sameday.bg/","BG",0,0,0,0
"sameday-ro","SAMEDAY (RO)",0,"https://sameday.ro/","RO",0,0,0,0
"ws-post","Samoa Post",1,"http://www.samoapost.ws/","WS",0,0,0,0
"sana","Sana",0,"https://www.sanaship.com/","",0,0,0,0
"lc-post","Santa Lucia Post",1,"https://stluciapostal.com/","LC",0,0,0,0
"sap-express","SAP Express",0,"https://www.sap-express.id/","",0,0,0,0
"sa-post","Saudi Post",1,"http://www.sp.com.sa/","SA",0,0,0,0
"sber-logistics","Sber Logistics",0,"https://sberlogistics.ru/","RU",0,0,0,0
"scaexpress","SCA Express",0,"https://scaexpress.com.vn/","",0,0,0,0
"scangl","Scan Global Logistics (Formerly Transgroup)",0,"https://www.scangl.com/","",0,0,0,0
"scg-express","SCG Express",0,"https://www.scgexpress.co.th","TH",0,0,0,0
"scgja","SCGJ ShiChengGuoJi ",0,"http://www.scgj56.net/","",0,0,0,0
"scm-paqueteria","SCM Paqueteria",0,"https://www.scmpaqueteria.mx/","",0,0,0,0
"scorejp","Score Jp",0,"https://www.scorejp.com/china/index.html","JP",0,0,0,0
"scudex-express","Scudex Express",0,"http://www.scudexexpress.com/","",0,0,0,0
"sda-it","SDA",0,"http://www.sda.it/","",0,0,0,0
"sdk-express","SDK Express",0,"http://www.sdk-express.cn/","",0,0,0,0
"jssdt56","SDT",0,"http://www.jssdt56.com/","",0,0,0,0
"sefl","SEFL (Southeastern Freight Lines)",0,"https://sefl.com/seflWebsite/index.jsp","",0,0,0,0
"segmail","segmail",0,"https://segmail.co/","",0,0,0,0
"seino","SEINO",0,"https://www.seino.co.jp/","",0,0,0,0
"sekologistics","SEKO Logistics",0,"http://www.sekologistics.com/","",0,0,0,0
"senda-express-mx","Senda Express",0,"http://www.sendaexpress.com.mx/","",0,0,0,0
"senda-insular","Senda Insular",0,"https://sendainsular.com/","ES",0,0,0,0
"sendex","Sendex",0,"https://www.sendex.mx/Home/Index/","MX",0,0,0,0
"sending","Sending",0,"https://www.sending.es/","ES",0,0,0,0
"sendit","Sendit",0,"https://www.sendit.asia/","",0,0,0,0
"sendle","Sendle",0,"https://www.sendle.com/","",0,0,0,0
"wf-post","Service des Postes Wallis et Futuna",1,"http://www.spt.wf/","WF",0,0,0,0
"setel","Setel Express",0,"https://www.setel.com","",0,0,0,0
"seur","SEUR International (DPD)",0,"https://www.seur.com/","",0,0,0,0
"seur-pt","SEUR Portugal (DPD)",0,"https://pre.seur.com/pt/","PT",0,0,0,0
"seur-es","SEUR Spain (DPD)",0,"https://pre.seur.com/es/","ES",0,0,0,0
"sc-post","Seychelles Post",1,"https://www.seychelles-post.com/","SC",0,0,0,0
"sf-express","SF Express (Shunfeng)",0,"http://intl.sf-express.com/","",0,0,0,0
"sf-international","SF International",0,"https://www.sf-international.com/","",0,0,0,0
"sfcservice","SFC Service",0,"http://www.sfcservice.com/","",0,0,0,0
"sfwl","sfwl",0,"http://www.sfwl.com.cn/","",0,0,0,0
"sgt-it","SGT (Deprecated)",0,"http://www.sgtwl.cn/","",0,0,0,1
"shadowfax","Shadowfax",0,"https://shadowfax.in/","",0,0,0,0
"aqrum","Shanghai Aqrum Chemical Logistics Co.Ltd",0,"http://www.aqrum.com/","CN",0,0,0,0
"she","SHE Senhong Internation Logistics",0,"http://www.showl.com/","",0,0,0,0
"hanrun-logistics","Shenzhen HanRun Logistics (HRD)",0,"http://www.hrgjkg.com/","",0,0,0,0
"sz-redbox-logistic","Shenzhen Redbox International Logistic Co.,Ltd",0,"http://www.redboxsz.com/","",0,0,0,0
"ship-it-asia","Ship It Asia",0,"https://viewider.com/labs/shipment/track","",0,0,0,0
"shipa","Shipa Delivery",0,"https://shipa.com/","",0,0,0,0
"shipentegra","ShipEntegra",0,"https://www.shipentegra.com/","",0,0,0,0
"shipgate","SHIPGATE",0,"https://www.shipgate.io/","",0,0,0,0
"shipgce","Shipgce Express",0,"http://www.shipgce.com","",0,0,0,0
"shippify","Shippify (Deprecated)",0,"https://www.shippify.co/","",0,0,0,1
"shippit","Shippit",0,"https://www.shippit.com/","",0,0,0,0
"shiprocket","Shiprocket",0,"https://www.shiprocket.in/","IN",0,0,0,0
"shipter-kr","SHIPTER (KR)",0,"https://www.shipter.kr/","",0,0,0,0
"shiptor","SHIPTOR",0,"https://shiptor.com/","",0,0,0,1
"juxi-express","SHJX Juxi Express",0,"http://www.juxiex.com/","",0,0,0,0
"shopee-xpress-id","Shopee Express Indonesia (SPX)",0,"https://spx.co.id/","ID",0,0,0,0
"shopee-xpress-my","Shopee Express Malaysia (SPX)",0,"https://shopeexpress.com.my/","MY",0,0,0,0
"shopee-xpress-ph","Shopee Express Phillipines (SPX)",0,"https://spx.ph/","PH",0,0,0,0
"shopee-xpress-sg","Shopee Express Singapore (SPX)",0,"https://spx.sg/","SG",0,0,0,0
"shopee-xpress-th","Shopee Express Thailand (SPX)",0,"https://spx.co.th/","TH",0,0,0,0
"shopee-xpress-vn","Shopee Express Vietnam (SPX)",0,"https://spx.vn/","VN",0,0,0,0
"shopfans","Shopfans",0,"https://shopfans.ru/","",0,0,0,0
"shopline-logistics","Shopline Logistics",0,"https://www.myoneship.cn/","",0,0,0,0
"shree-anjani-courier","Shree Anjani Courier",0,"https://www.shreeanjanicourier.com/","IN",0,0,0,0
"shree-mahabali-express","Shree Mahabali Express",0,"http://shreemahabaliexpress.com/","IN",0,0,0,0
"shree-maruti","Shree Maruti",0,"https://www.shreemaruticourier.com/","IN",0,0,0,0
"shree-nandan-courier","SHREE NANDAN COURIER",0,"http://shreenandancourier.com/","IN",0,0,0,0
"shree-tirupati","Shree Tirupati",0,"http://www.shreetirupaticourier.net/","",0,0,0,0
"sht","SHT",0,"http://www.shthn.com/","",0,0,0,0
"shunchangguoji","Shun Chang International",0,"http://www.shunchangguoji.com/","",0,0,0,0
"sicepat","Sicepat Ekspres",0,"https://www.sicepat.com","",0,0,0,0
"singlobal-express","Sin Global Express",0,"https://singlobal-express.com/","",0,0,0,0
"sinoair","Sinoair",0,"http://www.sinoair.com/","",0,0,0,0
"sino-didi","Sinodidi",0,"http://www.sino-didi.com/","",0,0,0,0
"sinotrans","Sinotrans",0,"http://trace.sinotrans.hk/","",0,0,0,0
"siodemka","Siodemka",0,"http://www.siodemka.com/","",0,0,0,0
"sja56","Sja56",0,"http://www.sja56.cn/","CN",0,0,0,0
"sjtsz","SJTSZ Express",0,"http://www.sjtsz.com.cn/","CN",0,0,0,0
"kn-post","SKN Post",1,"https://post.kn/","KN",0,0,0,0
"skroutz-last-mile","Skroutz Last Mile",0,"https://www.skroutzlastmile.gr/","",0,0,0,0
"skyex","Sky Express",0,"http://skyexpressinternational.com","",0,0,0,0
"skybox","SkyBox",0,"https://www.attskybox.com/","",0,0,0,0
"skynetworldwide","SKYNET Express",0,"https://www.skynetworldwide.com/","",0,0,0,0
"skynet-my","SKYNET Malaysia",0,"https://www.skynet.com.my/","",0,0,0,0
"skynet-za","SKYNET South Africa",0,"https://www.skynet.co.za/","",0,0,0,0
"skypostal","SkyPostal",0,"http://www.skypostal.com/","",0,0,0,0
"yz-ex","SLICITY",0,"http://www.yz-ex.com/","CN",0,0,0,0
"slovak-parcel-service","Slovak Parcel Service",0,"https://www.sps-sro.sk/","SK",0,0,0,0
"sk-post","Slovenská pošta (Slovakia Post)",1,"http://www.posta.sk/","SK",0,0,0,0
"smart-delivery","Smart Delivery",0,"https://www.smartdelivery.kz/eng/","KZ",0,0,0,0
"smart-post-global","SMART Post Global",0,"https://smartpost.global/en","",0,0,0,0
"smartcat","SMARTCAT",0,"http://viphm56.com/","",0,0,0,0
"smartr","Smartr Logistics",0,"https://smartr.in/","IN",0,0,0,0
"smg-direct","SMG Direct",0,"https://smg.direct","",0,0,0,0
"smooth","Smooth Parcel",0,"http://www.smoothparcel.com","",0,0,0,0
"smsa-express","SMSA Express",0,"http://www.smsaexpress.com/","",0,0,0,0
"sb-post","Solomon Post",1,"https://www.solomonpost.com.sb/","SB",0,0,0,0
"so-post","Somali Post",1,"http://mipt.gov.so/","SO",0,0,0,0
"bf-post","Sonapost",1,"http://laposte.bf/","BF",0,0,0,0
"sonictl","Sonic Transportation & Logistics",0,"http://www.sonictl.com/","",0,0,0,0
"za-post","South African Post Office (SAPO)",1,"http://www.postoffice.co.za/","ZA",0,0,0,0
"ss-post","South Sudan Post",1,,"SS",0,0,0,0
"specialisedfreight-za","Specialised Freight Services",0,"http://www.specialisedfreight.co.za/","",0,0,0,0
"speedee","Spee-Dee Delivery",0,"http://speedeedelivery.com/","",0,0,0,0
"speedcouriers-gr","Speed Couriers",0,"http://speedcouriers.gr/","",0,0,0,0
"speedaf","Speedaf Express",0,"https://speedaf.com/cn-cn","CN",0,0,0,0
"speedex-courier","SpeedEx Courier Service",0,"https://www.speedexcourierservice.com/","",0,0,0,0
"speedex","SPEEDEX Greece",0,"http://www.speedex.gr/","",0,0,0,0
"speedpost-sg","Speedpost Singapore",0,"https://www.speedpost.com.sg/","",0,0,0,0
"speedx","SpeedX",0,"https://speedx.io/","US",0,0,0,0
"speedy-bg","Speedy",0,"https://www.speedy.bg/en/","BG",0,0,0,0
"pm-post","SPM Post",1,"https://www.lapostespm.net/","PM",0,0,0,0
"spoton","Spoton Logistics",0,"http://www.spoton.co.in/","",0,0,0,0
"spreetail","Spreetail",0,"https://www.spreetail.com/","",0,0,0,0
"spring-gds","Spring GDS",0,"https://www.spring-gds.com/","",0,0,0,0
"sprintpack","SprintPack",0,"http://www.sprintpack.com.cn/","",0,0,0,0
"sprintstar","Sprintstar",0,"https://sprintstar.ca/","",0,0,0,0
"spsr","SPSR Express (DPD)",0,"https://www.spsr.ru/","",0,0,0,0
"spt-logistics","SPT Furniture Logistics",0,"https://spt-logistics.eu/en/","DE",0,0,0,0
"srekorea","SRE Korea",0,"http://www.srekorea.co.kr/","",0,0,0,0
"lk-post","Sri Lanka Post",1,"http://www.slpost.gov.lk/","LK",0,0,0,0
"ssd","Ssd",0,"https://ssd.nmrhzk.cn/deliver/ssd/index.html","",0,0,0,0
"stadt","STADT",0,"http://www.stadt.com.cn/","",0,0,0,0
"stallion-express","Stallion Express",0,"https://stallionexpress.ca/","",0,0,0,0
"staples","Staples",0,"https://www.staples.ca/","",0,0,0,0
"star-wish","Star-Wish",0,"http://www.star-wish.cn/","",0,0,0,0
"starken","Starken",0,"https://www.starken.cl/","CL",0,0,0,0
"startrak","StarTrack",0,"https://startrack.com.au/","AU",0,0,0,0
"step-forward-freight","STEP FORWARD FREIGHT SERVICE CO LTD",0,"https://stepforwardfs.com/","",0,0,0,0
"sto-express","STO Express (Shentong Express)",0,"http://www.sto.cn/","",0,0,0,0
"sto-global","STO Global",0,"http://www.stosolution.com/","",0,0,0,0
"stone3pl","STONE3PL",0,"https://www.stone3pl.com/","",0,0,0,0
"straightship","Straightship",0,"https://straightship.com/","",0,0,0,0
"streck-transport","Streck Transport",0,"https://www.streck-transport.ch","",1,0,0,0
"sd-post","Sudapost",1,"http://sudapost.sd/index.php/en/home","SD",0,0,0,0
"sumxpress","Sum Xpress",0,"http://www.sumxpress.com","",0,0,0,0
"sumtom","SUMTOM",0,"http://www.sumtom.cn/","",0,0,0,0
"sunnyway","Sunnyway",0,"http://www.isunnyway.com/","",0,0,0,0
"sunyou","Sunyou/Sypost",0,"https://sypost.com/","",0,0,0,0
"supercolchones","Super Colchones",0,"https://www.supercolchones.mx/","MX",0,0,0,0
"superb-express","Superb Express",0,"http://www.superb-express.com/","",0,0,0,0
"super-ton","SuperTon",0,"https://www.super-ton.com/","",0,0,0,0
"sure-express","Sure Express",0,"http://www.sure56.com/","",0,0,0,0
"sr-post","Surpost",1,"https://www.surpost.com/","SR",0,0,0,0
"ste56","Suteng Logistics",0,"http://www.ste56.com/Default.aspx","CN",0,0,0,0
"suto-logistics","Suto Logistics",0,"http://www.sut56.com/","",0,0,0,0
"sutton-transport","Sutton Transport",0,"https://www.suttontrans.com/","",0,0,0,0
"vc-post","SVG Post",1,"http://www.svgpost.gov.vc/","VC",0,0,0,0
"sw-express","SW Express",0,"http://www.world-express.com/","",0,0,0,0
"swftbox","Swftbox",0,"https://www.swftbox.com/","AE",0,0,0,0
"swiftx-express","Swiftx Express",0,"https://swiftx-express.com/","",0,0,0,0
"swiship","Swiship",0,"https://www.swiship.com/track/","",0,0,0,0
"swiship-au","Swiship (AU)",0,"https://www.swiship.com.au/","AU",0,0,0,0
"swiship-ca","Swiship (CA)",0,"https://www.swiship.ca/","CA",0,0,0,0
"swiship-de","Swiship (DE)",0,"https://www.swiship.de/","DE",0,0,0,0
"swiship-es","Swiship (ES)",0,"https://www.swiship.es/","ES",0,0,0,0
"swiship-fr","Swiship (FR)",0,"https://www.swiship.fr/","FR",0,0,0,0
"swiship-it","Swiship (IT)",0,"https://www.swiship.it/","IT",0,0,0,0
"swiship-jp","Swiship (JP)",0,"https://www.swiship.jp/","JP",0,0,0,0
"swiship-uk","Swiship (UK)",0,"https://www.swiship.co.uk/","GB",0,0,0,0
"ch-post","Swiss Post",1,"https://www.post.ch/","CH",0,0,0,0
"sxexpress","SX-EXPRESS",0,"https://sxexpress.myazstore.com/","",0,0,0,0
"sxjdfreight","SXJD",0,"https://www.sxjdfreight.com/","",0,0,0,0
"sy-express","SY Express",0,"http://www.chengfengexpress.com/","",0,0,0,0
"syd-express","SYD Express",0,"http://www.suyd56.com/","",0,0,0,0
"sy-post","Syria Post",1,"http://www.syrianpost.gov.sy/","SY",0,0,0,0
"szendex","Szendex",0,"https://www.szendex.com/","",0,0,0,0
"szjy","SZJY",0,"https://www.szjy188.com/","",0,0,0,0
"szuem","Szuem",0,"http://www.szuem.com/","",0,0,0,0
"t-cat","T-CAT",0,"http://www.t-cat.com.tw/","TW",0,0,0,0
"global-express","Tai Wan Global Business GBG",0,"https://www.global-business.com.tw/","",0,0,0,0
"taijin-logistics","Taijin-logistics",0,"https://taijin-logistics.tuhu.cn/","CN",0,0,0,0
"taishi","TaiShi",0,"http://www.gztaishi.com/","",0,0,0,0
"e-can","Taiwan Pelican Express",0,"https://www.e-can.com.tw","",0,0,0,0
"tj-post","Tajikistan Post",1,"http://tajikpost.tj/","TJ",0,0,0,0
"take-send","Take Send",0,"http://www.takesend.com/","",0,0,0,0
"tamdis","Tamdis",0,"https://www.tamdisbyjp.com/","ES",0,0,0,0
"tz-post","Tanzania Posts Corporation",1,"https://posta.co.tz/","TZ",0,0,0,0
"tascourier","TAScourier",0,"https://www.tascourier.gr/","",0,0,0,0
"taxydromiki","Taxydromiki",0,"https://www.taxydromiki.com/en/","",0,0,0,0
"tazmanian-freight","Tazmanian Freight Systems",0,"https://www.tazmanian.com/","",0,0,0,0
"taoplus","TBS Taoplus",0,"http://www.taoplus.cc/","",0,0,0,0
"tci","TCI Express",0,"https://www.tciexpress.in","IN",0,0,0,0
"tck-express","TCK Express",0,"https://www.tckexpress.com/","",0,0,0,0
"tcs","TCS Logistics",0,"https://www.tcsexpress.com/","",0,0,0,0
"td-express","TD Express (Topdser)",0,"http://www.topdser.com/","",0,0,0,0
"tongda","TDE TongDa",0,"http://www.sztdgyl.com/","",0,0,0,0
"the-delivery-group","TDG – The Delivery Group",0,"https://www.thedeliverygroup.co.uk/","",1,0,0,0
"tdn","TDN",0,"https://www.tdn.es/","ES",0,0,0,0
"teamglobalexp","Team Global Express",0,"https://teamglobalexp.com/","",0,0,0,0
"team-worldwide","Team Worldwide",0,"https://www.teamww.com/","US",0,0,0,0
"sic-teliway","Teliway SIC",0,"http://sic.teliway.com/","",0,0,0,0
"tfm-xpress","TFM Xpress",0,"https://tfmxpress.com.au/","AU",0,0,0,0
"tforce-finalmile","TForce Final Mile",0,"https://www.tforcelogistics.com/","",0,0,0,0
"tforce-freight","TForce Freight",0,"https://www.tforcefreight.com/ltl/apps/Home","",0,0,0,0
"tfs906","TFS TianFuSeng",0,"http://www.tfs906.com/","",0,0,0,0
"thabit-logistics","Thabit Logistics",0,"https://thabit-logistics.com/","",0,0,0,0
"th-post","Thailand Post",1,"http://www.thailandpost.co.th/","TH",0,0,0,0
"the-courier-guy","The Courier Guy",0,"http://www.thecourierguy.co.za/","",0,0,0,0
"thelorry","The Lorry",0,"https://thelorry.com","",0,0,0,0
"pallet-network","The Pallet Network",0,"https://www.thepalletnetworkltd.co.uk/","",1,0,0,0
"tianyun","Tian Yun",0,"https://tianyun.com.my/","",0,0,0,0
"tianzi","Tianzi",0,"http://www.tzexp.com/","",0,0,0,0
"tig-freight","TIG Freight",0,"https://www.tigfreight.com/","",0,0,0,0
"tiki","TiKi",0,"https://tiki.id/","",0,0,0,0
"timelytitan","Timelytitan",0,"https://www.timelytitan.com/","NL",0,0,0,0
"tinghao","Tinghao",0,"http://www.tinghaowl.com/","",0,0,0,0
"tinzung","Tinzung",0,"http://www.tianzongsc.com/","",0,0,0,0
"tipsa","TIPSA",0,"http://www.tip-sa.com/","ES",1,0,0,0
"tk-kit","Tk Kit",0,"https://tk-kit.ru/","RU",0,0,0,0
"tmg-group","TMG Group",0,"http://www.tmg-group.jp/","",0,0,0,0
"tmm-express","TMM Express",0,"http://tmm-express.com/","",0,0,0,0
"tnt","TNT",0,"https://www.tnt.com/","",0,0,0,0
"tnt-au","TNT Australia",0,"https://www.tntexpress.com.au/","",0,0,0,0
"tnt-br","TNT Brazil (Fedex)",0,"https://radar.tntbrasil.com.br/","",0,0,0,0
"tnt-fr","TNT France",0,"https://www.tnt.fr/","",0,0,0,0
"tnt-it","TNT Italy",0,"https://www.tnt.it/","",0,0,0,0
"tnt-uk","TNT UK",0,"https://direct.tnt.co.uk/","",0,0,0,0
"tocinda","Tocinda",0,"http://www.zxdexpress.com/","",0,0,0,0
"toll","Toll",0,"https://www.tollgroup.com/","",0,0,0,0
"tolos","Tolos",0,"http://www.tolos.asia/","",0,0,0,0
"tonami","Tonami",0,"http://www.tonami.co.jp/","",0,0,0,0
"tarrive","Tonda Global",0,"http://tdmain.tarrive.com:8007","",0,0,0,0
"to-post","Tonga Post",1,"https://tongapost.to/","TO",0,0,0,0
"topex","TopEx",0,"https://topex.ae/","",0,0,0,0
"tophatterexpress","Tophatter Express",0,"http://www.tophatterexpress.com/","",0,0,0,0
"top-you","TopYou",0,"https://www.szty56.com/","",0,0,0,0
"total-express","Total Express",0,"http://www.totalexpress.com.br/","",0,0,0,0
"track-mail","trackmail (UK)",0,"https://www.trackmail.co.uk/","GB",0,0,0,0
"tracknator","tracknator",0,"https://www.tracknator.com","",0,0,0,0
"trackon","Trackon Couriers Pvt. Ltd",0,"https://trackon.in/","IN",0,0,0,0
"trackyourparcel","Trackyourparcel",0,"https://www.trackyourparcel.eu/track/form","",1,1,0,0
"qxpress","Tracxlogis (formerly Qxpress)",0,"https://www.qxpress.net/","",0,0,0,0
"trakpak","TrakPak (Fedex Cross Border)",0,"https://fcbtracking.fedex.com/","",0,0,0,1
"trans-kargo","Trans Kargo (Deprecated)",0,"https://www.tkicargo.com/","",0,0,0,1
"trans-o-flex","Trans-o-Flex",0,"https://www.trans-o-flex.com/en/","",0,0,0,0
"transaher","Transaher",0,"https://transaher.es/en/","ES",0,0,0,0
"transgo","TransGo",0,"https://www.transgo.mx/index.html","MX",0,0,0,0
"transmission-nl","TransMission",0,"http://www.trans-mission.nl/","",1,0,0,0
"transportes-condesa","Transportes Condesa",0,"https://www.tcondesa.com.mx/","MX",0,0,0,0
"transrush","Transrush",0,"http://www.transrush.com/","",0,0,0,0
"tred-chariot","Tred Chariot",0,"https://www.tred-chariot.fr/en/","FR",0,0,0,0
"treggo-ar","TREGGO (Argentina)",0,"https://ar.treggo.co/","AR",0,0,0,0
"treggo-co","TREGGO (Colombia)",0,"https://co.treggo.co/","CO",0,0,0,0
"treggo-mx","TREGGO (Mexico)",0,"https://mx.treggo.co/","MX",0,0,0,0
"treggo-uy","TREGGO (Uruguay)",0,"https://uy.treggo.co/","UY",0,0,0,0
"tres-guerras","Tres Guerras",0,"https://www.tresguerras.com.mx/","MX",0,0,0,0
"trumpcard","TRUMPCARD",0,"https://www.trumpcardinc.com/","US",0,0,0,0
"trunkrs","Trunkrs",0,"https://www.trunkrs.nl/","",1,0,0,0
"trusk","Trusk",0,"https://www.trusk.com/","FR",0,0,0,0
"tstexp","Tstexp",0,"https://www.tstexp.com/","US",0,0,0,0
"ttk-delivery","TTK Delivery",0,"https://www.ttkcourier.com/","",0,0,0,0
"tt-post","TTPost",1,"https://ttpost.net/","TT",0,0,0,0
"tuffnells","Tuffnells (Deprecated)",0,"http://www.tuffnells.co.uk/home","",0,0,0,1
"tm-post","Turkmen Pochta",1,"https://www.turkmenpost.gov.tm/","TM",0,0,0,0
"gl-post","Tusass (Greenland Post, formerly Tele-Post)",1,"https://www.tusass.gl/","GL",0,0,0,0
"tv-post","Tuvalu Post",1,"http://www.tuvalupost.tv/","TV",0,0,0,0
"twth","TWTH",0,"http://www.th99.com/","",0,0,0,0
"tzky","Tzky",0,"http://www.tzky.cn/","CN",0,0,0,0
"tzt","TZT Tiansheng international freight forwarders",0,"http://www.tzgjwl.cn/","",0,0,0,0
"u-speed","U-Speed",0,"http://www.u-speedex.com/","",0,0,0,0
"nege-it","UAB Nėgė",0,"https://www.nege.lt/?lang=en","",0,0,0,0
"ubi-smart-parcel","UBI Smart Parcel",0,"https://www.ubismartparcel.com/","",0,0,0,0
"ubonex","UBon Express",0,"http://www.ubonex.com","",0,0,0,0
"ubx-uk","UBX Express",0,"https://www.ubx.uk.net","GB",0,0,0,0
"uc-express","UC Express",0,"http://www.uce.cn/","",0,0,0,0
"uda-international","uda International",0,"http://www.udalogistic.com/","",0,0,0,0
"uds","UDS (Universal Delivery Service)",0,"http://www.uniteddeliveryservice.com/","",0,0,0,0
"uk-mail","UK Mail",0,"https://www.ukmail.com","",0,0,0,0
"ua-post","Ukrposhta",1,"http://www.ukrposhta.com/","UA",0,0,0,0
"un-line","Un-line",0,"http://www.un-line.com/","",0,0,0,0
"lhexpressus","UNICON EXPRESS USA",0,"http://www.lhexpressus.com/","",0,0,0,0
"uniuni","UniUni",0,"https://www.uniuni.com/","",0,0,0,0
"upost","Upost",0,"https://www.upostshipping.com/","",0,0,0,0
"ups","UPS",0,"https://www.ups.com","",0,0,0,0
"ups-mail-innovations","UPS Mail Innovations",0,"https://www.upsmi.com/","",0,0,0,0
"upu","UPU",1,"http://globaltracktrace.ptc.post/","",0,0,0,0
"courex","UrbanFox (Courex)",0,"https://www.urbanfox.asia/","",0,0,0,0
"uruz","Uruz",0,"https://uruz.mx/","MX",0,0,0,0
"urvaam","Urvaam",0,"https://www.urvaam.es/","",0,0,0,0
"usasd","Usasd",0,"https://www.usasd.com/","",0,0,0,0
"uship","uShip",0,"https://www.uship.com/","",0,0,0,0
"usky-express","Usky Express",0,"http://www.uskyexpress.com/","",0,0,0,0
"us-post","USPS",1,"https://www.usps.com","US",0,0,0,0
"as-post","USPS (American Samoa)",1,"https://www.usps.com","AS",0,0,0,0
"mh-post","USPS (Marshall Islands)",1,"https://www.usps.com","MH",0,0,0,0
"mp-post","USPS (Northern Mariana Islands)",1,"https://www.usps.com","MP",0,0,0,0
"tc-post","USPS (Turks And Caicos Islands)",1,"https://www.usps.com","TC",0,0,0,0
"vi-post","USPS (Virgin Islands)",1,"https://www.usps.com","VI",0,0,0,0
"utec-logistics","UTEC Logistics",0,"http://www.utec.info/","",0,0,0,0
"uvan","Uvan",0,"http://www.uvan56.com/","",0,0,0,0
"uxtx","UXTX",0,"http://www.ux-exp.com/","",0,0,0,0
"uz-post","Uzbekistan Pochtasi",1,"https://www.pochta.uz/en/","UZ",0,0,0,0
"v-xpress","V-Xpress",0,"https://www.vxpress.in/","IN",0,0,0,0
"valueway","VALUEWAY",0,"http://www.valueway.ca/","",0,0,0,0
"vamox","VAMOX",0,"https://tracking.vamox.io/","",0,0,0,0
"vu-post","Vanuatu Post",1,"http://www.vanuatupost.vu/","VU",0,0,0,0
"vaspexpresso","VASP Expresso",0,"https://www.vaspexpresso.pt/geral","PT",0,0,0,0
"va-post","Vatican Post",1,"https://vatican.com/Vaticans-post-office/","VA",0,0,0,0
"veho","Veho",0,"https://www.shipveho.com/","US",0,0,0,0
"venipak","Venipak",0,"https://venipak.lt/en/","LT",0,0,0,0
"vente-unique","Vente Unique",0,"https://www.vente-unique.com/","FR",0,0,0,0
"vert-chez-vous","Vert Chez Vous",0,"https://www.vertchezvous.com/","FR",0,0,0,0
"vestovoy","Vestovoy",0,"https://vestovoy.ru/","",0,0,0,0
"via-europe","ViaEurope",0,"https://www.viaeurope.com/","",0,0,0,0
"via-xpress","Viaxpress",0,"http://www.viaxpress.es","ES",0,0,0,0
"vn-post","Vietnam Post",1,"http://www.vnpost.vn/","VN",0,0,0,0
"viettel-post","ViettelPost",0,"https://viettelpost.com.vn/","",0,0,0,0
"virbyjp","VIR by JP",0,"https://www.virbyjp.com/","FR",0,0,0,0
"vnlin","Vnlin",0,"http://www.winlinklogistics.com/","",0,0,0,0
"voigt","Voigt Logistik",0,"https://voigt-logistik.de/en/","DE",1,0,0,0
"vonzu","Vonzu",0,"https://vonzu.io/","ES",0,0,0,0
"vova-logistics","Vova Logistics",0,"https://www.vovalogistics.com/","",0,0,0,0
"wahana","Wahana",0,"http://www.wahana.com/","",0,0,0,0
"wanb-express","WANB Express",0,"http://www.wanbexpress.com/","",0,0,0,0
"wmycc","Wanmeng",0,"https://www.wmycc.com","CN",0,0,0,0
"warning","Warning Group",0,"https://www.warning.fr/","FR",0,0,0,0
"we-world-express","We World Express (WWE)",0,"https://www.weworldexpress.com/","",0,0,0,0
"weaship","Weaship",0,"http://www.weaship.com.cn/","CN",0,0,0,0
"wedo","WeDO Logistics",0,"http://www.wedoexpress.com/","",0,0,0,0
"we-logistics","WEL We Logistics",0,"http://www.we-logistics.com/","",0,0,0,0
"wepost","Wepost",0,"https://www.wepost.com.my/","",0,0,0,0
"westbank-courier","West Bank Courier",0,"http://westbankcourier.com/","",0,0,0,0
"westgate-global-logistics","Westgate Global Logistics",0,"https://shipwestgate.com/","",0,0,0,0
"whistl","Whistl",0,"https://www.whistl.co.uk/","",0,0,0,0
"wht-express","WHT Express",0,"http://www.whtexpress.com/","",0,0,0,0
"wiio","Wiio",0,"http://www.hzpdex.com/","",0,0,0,0
"wing-ae","Wing (AE)",0,"https://www.wing.ae/","",0,0,0,0
"winit","Winit",0,"https://www.winit.com.cn/","",0,0,0,0
"wise-express","Wise Express",0,"http://www.shwise.cn","",0,0,0,0
"wiseloads","Wiseloads",0,"http://www.wiseloads.com/home.php","",0,0,0,0
"wishpost","Wish Post",0,"https://www.wishpost.cn/","",0,0,0,0
"wizmo","Wizmo",0,"https://shipwizmo.com/","",0,0,0,0
"wld-express","WLD Express",0,"http://www.wld-express.com/","",0,0,0,0
"wmg","WMG Delivery",0,"http://www.wmgdelivery.com/","",0,0,0,0
"wndirect","WnDirect",0,"https://wndirect.com/","",0,0,0,0
"wse","WSE Logistics",0,"http://www.gdwse.com/","",0,0,0,0
"wyngs-my","Wyngs",0,"http://www.wyngs-my.com/","MY",0,0,0,0
"xde-logistics-ph","XDE Logistics (Philippines)",0,"https://www.xde.com.ph/","PH",0,0,0,0
"xdexpress","XDEXPRESS",0,"https://www.xdexpress.com.au/","AU",0,0,0,0
"xdp-uk","XDP Express",0,"https://xdp.co.uk/","GB",1,0,0,0
"xend","Xend",0,"https://xendexpress.com/","",0,0,0,0
"xf-lt56","XF-lt56",0,"http://xf-lt56.com/","",0,0,0,0
"xfm","XFM",0,"https://xfm.com.au/","AU",0,0,0,0
"sunjex","Xinjie Logistics",0,"https://www.sunjex.com/","CN",0,0,0,0
"xl-express","XL Express",0,"http://www.xlexpress.com.au/","",0,0,0,0
"xlobo","Xlobo",0,"http://www.xlobo.com/","US",0,0,0,0
"xpert-delivery","Xpert Delivery",0,"https://www.xpertdelivery.co.uk/","",0,0,0,0
"xpo-connect","XPO Connect",0,"https://connect.xpo.com/","US",0,0,0,0
"xpo-logistics","XPO Logistics",0,"https://www.xpo.com/","",0,0,0,0
"xpost","Xpost",0,"https://xpost.ph/","",0,0,0,0
"xpressbees","Xpressbees",0,"http://www.xpressbees.com/","",0,0,0,0
"xpressen-dk","Xpressen",0,"http://www.xpressen.dk/","",0,0,0,0
"xpresso-asia","Xpresso",0,"https://www.xpresso.asia/en/","",0,0,0,0
"xq-logistics","XQ Logistics (星前物流 / Xingqian Logistics)",0,"http://www.xqkjwl.com/","",0,0,0,0
"xs-express","XS Express",0,"http://xs-exp.com/","",0,0,0,0
"xtl","Xun Tian International",0,"https://xtl.itdida.com","CN",0,0,0,0
"xxdexp","XXD Ex",0,"http://www.xxdexp.com/","",0,0,0,0
"xyy-logsitcs","XYY Xingyunyl Logistics",0,"http://www.xingyunyi.cn/","CN",0,0,0,0
"yadex","Yadex",0,"http://www.yadex.com.cn/","CN",0,0,0,0
"yakit","Yakit",0,"https://www.yakit.com/","",0,0,0,0
"taqbin-jp","Yamato Japan",0,"https://www.kuronekoyamato.co.jp/en/","",0,0,0,0
"yamato-usa","Yamato USA",0,"https://www.yamatoamerica.com/","US",0,0,0,0
"yanwen","Yanwen",0,"http://www.yw56.com.cn/","",0,0,0,0
"1fkd","Yao Fei Kuai Di",0,"http://www.1fkd.com/","CN",0,0,0,0
"ydh","YDH Express",0,"http://www.ydhex.com/","",0,0,0,0
"yds","YDS Yide Internation Freight Forwarder",0,"http://www.ydexp.com/","",0,0,0,0
"yeeda","Yeeda",0,"http://www.yeeda909.com/","",0,0,0,0
"ye-post","Yemen Post",1,"https://www.post.ye/web/","YE",0,0,0,0
"yfhex","YFHEx Logistics",0,"http://www.yfhex.com/","CN",0,0,0,0
"yh-express","YH Express",0,"http://www.yuanhhk.com/","",0,0,0,0
"yha","YHA Flying Logistics",0,"http://www.yhe56.com/","",0,0,0,0
"ylexp","Yi Long Exp",0,"http://www.ylexp.com/","CN",0,0,0,0
"yidst","YIDST",0,"http://www.ydex.cn/","",0,0,0,0
"yifan","YiFan",0,"http://www.szyifan56.com/","",0,0,0,0
"yifan-international","YIFAN international",0,"http://www.ywyfgj.com/","",0,0,0,0
"elian-post","Yilian (Elian) Supply Chain",0,"http://www.elianpost.com/","",0,0,0,0
"yimidida","YiMiDiDa",0,"https://www.yimidida.com/","CN",0,0,0,0
"yji","YJI (YanJin International)",0,"http://www.yanjin-gj.com/","",0,0,0,0
"yunlu","YL express",0,"https://www.jet-logistics.com/","CN",0,0,0,0
"yld-logistics","YLD Logistics",0,"http://www.yld56.com/","",0,0,0,0
"ymy","Ymy",0,"http://www.2ezi-ymy.com/","",0,0,0,0
"yodel","Yodel",0,"https://www.yodel.co.uk/","",1,0,0,0
"yona-express","Yona Express",0,"http://yona-express.com/","",0,0,0,0
"guangdongyongbang","Yong Bang",0,"http://www.guangdongyongbang.com/","CN",0,0,0,0
"uhiexpress","Youhai International Express",0,"http://www.uhiexpress.com/","DE",0,0,0,0
"youmeiyutong","YouMeiYuTong",0,"http://www.gzymyt.com/","",0,0,0,0
"yoseus","Yousheng International Express",0,"https://www.yoseus.com","US",0,0,0,0
"yrc-freight","YRC Freight (Deprecated)",0,"http://www.yrc.com/","",0,0,0,1
"yto","YTO Express",0,"http://www.yto.net.cn/","",0,0,0,0
"yuanhao-logistics","YuanHao Logistics",0,"http://www.mzlyuanhao.com/","",0,0,0,0
"yue777","Yuema Express",0,"http://www.yue777.com/","US",0,0,0,0
"yun-express","Yun Express",0,"http://www.yunexpress.com/","",0,0,0,0
"yunda-express","Yunda Express",0,"http://www.yundaex.com/","",0,0,0,0
"yunhui","YunHui Express",0,"http://www.ayh56.com","",0,0,0,0
"yunpai56","YunPai56",0,"http://www.yp56.com/","",0,0,0,0
"yurtici-kargo","Yurtici Kargo",0,"https://www.yurticikargo.com/en","",0,0,0,0
"yusen-logistics","Yusen Logistics",0,"https://www.yusen-logistics.com/en/","",0,0,0,0
"yuteng","YUTENG",0,"http://www.yutengguoji.com/","",0,0,0,0
"youwei-china","YWGJ",0,"http://www.youwei-china.com/","",0,0,0,0
"yxi-logistics","YXILOGISTICS",0,"http://www.yxilogistics.com/","",0,0,0,0
"yyexpress","YYEXPRESS",0,"http://www.yiyuan56.cn/","",0,0,0,0
"yyt","YYT",0,"https://www.ydmex.com/","",0,0,0,0
"zadbano","Zadbano",0,"https://zadbano.pl/","PL",0,0,0,0
"zajil-express","Zajil Express",0,"https://zajil-express.com/en","",0,0,0,0
"zm-post","ZamPost",1,"http://www.zampost.com.zm/","ZM",0,0,0,0
"zasilkovna","Zasilkovna",0,"https://www.zasilkovna.cz","",0,0,0,0
"zce","ZCE Shenghai Yisu",0,"http://www.zce-exp.com/","",0,0,0,0
"zeek","Zeek 2Door (Deprecated)",0,"https://www.zeek.one/hk/en/zeek2door","",0,0,0,1
"zeleris","Zeleris",0,"https://www.zeleris.com/","",0,0,0,0
"zepto-express","Zepto Express",0,"https://www.zeptoexpress.com","",0,0,0,0
"zhiteng","Zhi Teng Logistics",0,"http://zhiteng.biz/","CN",0,0,0,0
"zhonglu-logistics","Zhonglu Logistics - AllRoad ",0,"http://www.zlwww.vip/","",0,0,0,0
"zrtl","Zhongrong Tailong",0,"http://www.zrtl.com/","CN",0,0,0,0
"zhxt-express","ZHXT Express",0,"http://www.lonfennerlogistic.com/","",0,0,0,0
"ziegler","Ziegler",0,"https://www.zieglergroup.com/","FR",0,0,0,0
"ziing-final-mile","Ziing Final Mile",0,"https://www.ziingfinalmile.ca/","",0,0,0,0
"zim","ZIM Logistics",0,"https://www.zim-logistics.com.cn/","CN",0,0,0,0
"zw-post","ZimPost",1,"http://www.zimpost.co.zw/","ZW",0,0,0,0
"zinc","Zinc",0,"https://zinc.io/","",0,0,0,0
"zip-ph","Zip Philippines",0,"https://zip-ph.com/","",0,0,0,0
"zjs-express","ZJS Express",0,"http://www.zjs.com.cn/","",0,0,0,0
"zmc-express","ZMC Express",0,"http://www.zmcexpress.com/","",0,0,0,0
"zsdexpress","ZSDExpress",0,"http://www.zsda56.com/","",0,0,0,0
"zsgj","ZSGJ",0,"http://zsgjky.com/","",0,0,0,0
"zto-express","ZTO Express",0,"http://www.zto.com/","",0,0,0,0
"zto-global","ZTO Global",0,"https://www.ztoglobal.com/","",0,0,0,0
"zufall","Zufall",0,"https://www.zufall.de/en/","DE",0,0,0,0
"zxg","ZXG Shenzhen Zhongixng",0,"http://www.zxlogs.ltd/","",0,0,0,0
"zyllem","Zyllem",0,"http://www.zyllem.com/","",0,0,0,0
"6ls","绿色国际速递",0,"http://www.6ls.cc/","",0,0,0,0